"1;""Августа"""
"1;""Августина"""
"1;""Авдотья"""
"1;""Авелина"""
"1;""Аврора"""
"1;""Агата"""
"1;""Агафья"""
"1;""Аглая"""
"1;""Агнесса"""
"1;""Агния"""
"1;""Аграфена"""
"1;""Агриппина"""
"1;""Ада"""
"1;""Аделаида"""
"1;""Аделечка"""
"1;""Аделина"""
"1;""Аделинка"""
"1;""Аделиночка"""
"1;""Аделия"""
"1;""Адель"""
"1;""Аделька"""
"1;""Аделя"""
"1;""Адема"""
"1;""Адиля"""
"1;""Адина"""
"1;""Адия"""
"1;""Адриана"""
"1;""Адріана"""
"1;""Адэлина"""
"1;""Адэль"""
"1;""Адэля"""
"1;""Ажар"""
"1;""Ажара"""
"1;""Аза"""
"1;""Азалина"""
"1;""Азалия"""
"1;""Азиза"""
"1;""Ай"""
"1;""Айганым"""
"1;""Айгель"""
"1;""Айгера"""
"1;""Айгерим"""
"1;""Айгерима"""
"1;""Айгиза"""
"1;""Айгузель"""
"1;""Айгулечка"""
"1;""Айгуль"""
"1;""Айгулька"""
"1;""Айгульчик"""
"1;""Айгуля"""
"1;""Айгюль"""
"1;""Айгюн"""
"1;""Аида"""
"1;""Айдан"""
"1;""Айдана"""
"1;""Аидочка"""
"1;""Айжан"""
"1;""Айжана"""
"1;""Айза"""
"1;""Айзада"""
"1;""Айзат"""
"1;""Айзиля"""
"1;""Айка"""
"1;""Айкерим"""
"1;""Айла"""
"1;""Айлана"""
"1;""Айлин"""
"1;""Айлина"""
"1;""Айман"""
"1;""Аина"""
"1;""Айна"""
"1;""Айнагуль"""
"1;""Айназ"""
"1;""Айнара"""
"1;""Айнаш"""
"1;""Айнур"""
"1;""Айнура"""
"1;""Айпери"""
"1;""Айрана"""
"1;""Айрин"""
"1;""Айса"""
"1;""Айсана"""
"1;""Айсель"""
"1;""Айсина"""
"1;""Айслу"""
"1;""Айсу"""
"1;""Айсулу"""
"1;""Айсылу"""
"1;""Айсылушка"""
"1;""Айта"""
"1;""Айталина"""
"1;""Айтан"""
"1;""Айтен"""
"1;""Айтолкын"""
"1;""Аиша"""
"1;""Айша"""
"1;""Айшан"""
"1;""Айшат"""
"1;""Айше"""
"1;""Айым"""
"1;""Айыына"""
"1;""Айя"""
"1;""Акбота"""
"1;""Акерке"""
"1;""Аклима"""
"1;""Акмарал"""
"1;""Акнур"""
"1;""Аксана"""
"1;""Аксения"""
"1;""Аксиния"""
"1;""Аксинья"""
"1;""Акулина"""
"1;""Алана"""
"1;""Алдынай"""
"1;""Алевтина"""
"1;""Алекс"""
"1;""Алекса"""
"1;""Александра"""
"1;""Александрина"""
"1;""Александрия"""
"1;""Алексашка"""
"1;""Алексей"""
"1;""Алексия"""
"1;""Алена"""
"1;""Алёна"""
"1;""Алёначка"""
"1;""Аленка"""
"1;""Алёнка"""
"1;""Аленочка"""
"1;""Алёночка"""
"1;""Аленушка"""
"1;""Алёнушка"""
"1;""Аленчик"""
"1;""Алёнчик"""
"1;""Аленький"""
"1;""Алесенька"""
"1;""Алесечка"""
"1;""Алеська"""
"1;""Алеся"""
"1;""Алефтина"""
"1;""Алечка"""
"1;""Али"""
"1;""Алиана"""
"1;""Алида"""
"1;""Алие"""
"1;""Алика"""
"1;""Алима"""
"1;""Алиме"""
"1;""Алина"""
"1;""Алиначка"""
"1;""Алинка"""
"1;""Алиночка"""
"1;""Алинусик"""
"1;""Алинчик"""
"1;""Алиса"""
"1;""Алисия"""
"1;""Алиска"""
"1;""Алисочка"""
"1;""Аличка"""
"1;""Алиша"""
"1;""Алишка"""
"1;""Алиюша"""
"1;""Алиюшка"""
"1;""Алия"""
"1;""Аліна"""
"1;""Алінка"""
"1;""Аліночка"""
"1;""Аліса"""
"1;""Алка"""
"1;""Алла"""
"1;""Аллочка"""
"1;""Аллуся"""
"1;""Алма"""
"1;""Алмагуль"""
"1;""Алмаз"""
"1;""Алочка"""
"1;""Алсу"""
"1;""Алсуша"""
"1;""Алсушечка"""
"1;""Алсушка"""
"1;""Алтана"""
"1;""Алтын"""
"1;""Алтынай"""
"1;""Алуа"""
"1;""Альберт"""
"1;""Альбина"""
"1;""Альбинка"""
"1;""Альбиночка"""
"1;""Альбинчик"""
"1;""Альбишка"""
"1;""Альбіна"""
"1;""Альвина"""
"1;""Алька"""
"1;""Альма"""
"1;""Альмира"""
"1;""Альона"""
"1;""Альонка"""
"1;""Альсина"""
"1;""Альфа"""
"1;""Альфида"""
"1;""Альфиза"""
"1;""Альфина"""
"1;""Альфинур"""
"1;""Альфира"""
"1;""Альфиюша"""
"1;""Альфиюшка"""
"1;""Альфия"""
"1;""Альяна"""
"1;""Аля"""
"1;""Амалия"""
"1;""Аманда"""
"1;""Амели"""
"1;""Амелия"""
"1;""Амина"""
"1;""Аминат"""
"1;""Аминка"""
"1;""Амира"""
"1;""Аму"""
"1;""Ан"""
"1;""Ана"""
"1;""Анаида"""
"1;""Анаит"""
"1;""Анар"""
"1;""Анара"""
"1;""Анастаси"""
"1;""Анастасийка"""
"1;""Анастасия"""
"1;""Анастасія"""
"1;""Анастасья"""
"1;""Анастейша"""
"1;""Анатолий"""
"1;""Ангела"""
"1;""Ангелика"""
"1;""Ангелина"""
"1;""Ангелинка"""
"1;""Ангелиночка"""
"1;""Ангеліна"""
"1;""Ангелінка"""
"1;""Анджела"""
"1;""Анджелика"""
"1;""Анджелина"""
"1;""Андрей"""
"1;""Андриана"""
"1;""Андріана"""
"1;""Андріяна"""
"1;""Анелия"""
"1;""Анель"""
"1;""Анеля"""
"1;""Анет"""
"1;""Анета"""
"1;""Анетта"""
"1;""Анечка"""
"1;""Анжела"""
"1;""Анжелика"""
"1;""Анжелина"""
"1;""Анжеличка"""
"1;""Анжеліка"""
"1;""Анжелка"""
"1;""Анжелла"""
"1;""Анжелочка"""
"1;""Ани"""
"1;""Аника"""
"1;""Аниме"""
"1;""Аниса"""
"1;""Анисия"""
"1;""Анисья"""
"1;""Анита"""
"1;""Аничка"""
"1;""Ания"""
"1;""Анічка"""
"1;""Анка"""
"1;""Анна"""
"1;""Анна-Мария"""
"1;""Аннет"""
"1;""Аннета"""
"1;""Анни"""
"1;""Аннушка"""
"1;""Аннэт"""
"1;""Ання"""
"1;""Аноним"""
"1;""Анора"""
"1;""Антонида"""
"1;""Антонина"""
"1;""Антоніна"""
"1;""Ануза"""
"1;""Ануш"""
"1;""Анушка"""
"1;""Анфиса"""
"1;""Анька"""
"1;""Анько"""
"1;""Анэт"""
"1;""Анюта"""
"1;""Анютик"""
"1;""Анютка"""
"1;""Анюточка"""
"1;""Аня"""
"1;""Аполинария"""
"1;""Аполлинария"""
"1;""Апполинария"""
"1;""Арай"""
"1;""Арайка"""
"1;""Арайлым"""
"1;""Ардак"""
"1;""Аревик"""
"1;""Аржаана"""
"1;""Арзу"""
"1;""Ариадна"""
"1;""Ариана"""
"1;""Арианна"""
"1;""Арина"""
"1;""Аринка"""
"1;""Ариночка"""
"1;""Ариша"""
"1;""Аришка"""
"1;""Ария"""
"1;""Аріна"""
"1;""Армина"""
"1;""Армине"""
"1;""Арминэ"""
"1;""Арпине"""
"1;""Арсения"""
"1;""Аружан"""
"1;""Аруна"""
"1;""Арюна"""
"1;""Асель"""
"1;""Аселя"""
"1;""Асем"""
"1;""Асема"""
"1;""Асемгуль"""
"1;""Асенька"""
"1;""Асечка"""
"1;""Асия"""
"1;""Асият"""
"1;""Асмик"""
"1;""Ассоль"""
"1;""Аська"""
"1;""Ася"""
"1;""Аурелия"""
"1;""Аурика"""
"1;""Афина"""
"1;""Афиша"""
"1;""Афродита"""
"1;""Аэлита"""
"1;""Аюна"""
"1;""Ая"""
"1;""Аягоз"""
"1;""Аяжан"""
"1;""Аяна"""
"1;""Аяулым"""
"1;""Багира"""
"1;""Бажена"""
"1;""Баина"""
"1;""Баира"""
"1;""Баирма"""
"1;""Байрта"""
"1;""Балжан"""
"1;""Балнур"""
"1;""Бану"""
"1;""Барбара"""
"1;""Бахыт"""
"1;""Баян"""
"1;""Баярма"""
"1;""Беата"""
"1;""Беатриса"""
"1;""Бегимай"""
"1;""Без"""
"1;""Бела"""
"1;""Белая"""
"1;""Белка"""
"1;""Белла"""
"1;""Белый"""
"1;""Берта"""
"1;""Бибигуль"""
"1;""Бибинур"""
"1;""Блум"""
"1;""Богдан"""
"1;""Богдана"""
"1;""Богданка"""
"1;""Божена"""
"1;""Боня"""
"1;""Бота"""
"1;""Ботагоз"""
"1;""Будь"""
"1;""Буяна"""
"1;""Бэла"""
"1;""Бэлигма"""
"1;""Бэлла"""
"1;""Ваз"""
"1;""Валентина"""
"1;""Валентинка"""
"1;""Валенька"""
"1;""Валера"""
"1;""Валери"""
"1;""Валерия"""
"1;""Валерія"""
"1;""Валерка"""
"1;""Валечка"""
"1;""Валька"""
"1;""Валюха"""
"1;""Валюша"""
"1;""Валюшка"""
"1;""Валя"""
"1;""Ванда"""
"1;""Ванесса"""
"1;""Ваня"""
"1;""Варвара"""
"1;""Варенька"""
"1;""Варечка"""
"1;""Варька"""
"1;""Варюша"""
"1;""Варюшка"""
"1;""Варя"""
"1;""Васелиса"""
"1;""Василина"""
"1;""Василинка"""
"1;""Василиса"""
"1;""Василиска"""
"1;""Василя"""
"1;""Васима"""
"1;""Васса"""
"1;""Васька"""
"1;""Вася"""
"1;""Велена"""
"1;""Венера"""
"1;""Венерочка"""
"1;""Вера"""
"1;""Вераника"""
"1;""Верка"""
"1;""Верона"""
"1;""Вероника"""
"1;""Вероничка"""
"1;""Вероніка"""
"1;""Верочка"""
"1;""Верунчик"""
"1;""Верунька"""
"1;""Веруня"""
"1;""Верусик"""
"1;""Веруська"""
"1;""Веруся"""
"1;""Верчик"""
"1;""Весна"""
"1;""Веста"""
"1;""Вета"""
"1;""Ви"""
"1;""Вивиана"""
"1;""Вивианна"""
"1;""Вивиан"""
"1;""Вика"""
"1;""Вики"""
"1;""Викки"""
"1;""Викочка"""
"1;""Виктор"""
"1;""Виктория"""
"1;""Викулечка"""
"1;""Викуличка"""
"1;""Викулька"""
"1;""Викуля"""
"1;""Викусик"""
"1;""Викусичка"""
"1;""Викуська"""
"1;""Викуся"""
"1;""Викуша"""
"1;""Викушка"""
"1;""Вилена"""
"1;""Вилия"""
"1;""Виля"""
"1;""Винера"""
"1;""Виола"""
"1;""Виолета"""
"1;""Виолетка"""
"1;""Виолетта"""
"1;""Виолетточка"""
"1;""Виолка"""
"1;""Виорика"""
"1;""Вита"""
"1;""Виталий"""
"1;""Виталик"""
"1;""Виталина"""
"1;""Виталинка"""
"1;""Виталия"""
"1;""Виточка"""
"1;""Витуся"""
"1;""Витя"""
"1;""Вичка"""
"1;""Віка"""
"1;""Вікторія"""
"1;""Вікуля"""
"1;""Вікуська"""
"1;""Вікуся"""
"1;""Віолетта"""
"1;""Віра"""
"1;""Віта"""
"1;""Віталіна"""
"1;""Віталія"""
"1;""Вітуся"""
"1;""Влад"""
"1;""Влада"""
"1;""Владилена"""
"1;""Владимира"""
"1;""Владислава"""
"1;""Владка"""
"1;""Владлена"""
"1;""Владочка"""
"1;""Владуся"""
"1;""Власта"""
"1;""Вова"""
"1;""Габриэлла"""
"1;""Гадя"""
"1;""Газиза"""
"1;""Гала"""
"1;""Галенька"""
"1;""Галечка"""
"1;""Галима"""
"1;""Галина"""
"1;""Галинка"""
"1;""Галиночка"""
"1;""Галичка"""
"1;""Галия"""
"1;""Галка"""
"1;""Галочка"""
"1;""Галченок"""
"1;""Галчёнок"""
"1;""Галчонок"""
"1;""Галька"""
"1;""Галюнчик"""
"1;""Галюня"""
"1;""Галюсик"""
"1;""Галюська"""
"1;""Галюся"""
"1;""Галюша"""
"1;""Галюшка"""
"1;""Галя"""
"1;""Ганна"""
"1;""Гаухар"""
"1;""Гаухара"""
"1;""Гая"""
"1;""Гаяна"""
"1;""Гаяне"""
"1;""Гаянэ"""
"1;""Гелена"""
"1;""Гелия"""
"1;""Гелюса"""
"1;""Гелюся"""
"1;""Геля"""
"1;""Генриетта"""
"1;""Гера"""
"1;""Герда"""
"1;""Гермиона"""
"1;""Гертруда"""
"1;""Гиляна"""
"1;""Глафира"""
"1;""Глаша"""
"1;""Глория"""
"1;""Глюза"""
"1;""Гоар"""
"1;""Гоша"""
"1;""Гражина"""
"1;""Грета"""
"1;""Гузалия"""
"1;""Гузаль"""
"1;""Гузаля"""
"1;""Гузелечка"""
"1;""Гузелия"""
"1;""Гузель"""
"1;""Гузелька"""
"1;""Гузеля"""
"1;""Гузэль"""
"1;""Гузяль"""
"1;""Гуленька"""
"1;""Гулечка"""
"1;""Гулим"""
"1;""Гулина"""
"1;""Гуличка"""
"1;""Гулия"""
"1;""Гульгена"""
"1;""Гульгина"""
"1;""Гульдана"""
"1;""Гульдар"""
"1;""Гульден"""
"1;""Гульжан"""
"1;""Гульжана"""
"1;""Гульзада"""
"1;""Гульзана"""
"1;""Гульзат"""
"1;""Гульзира"""
"1;""Гульзия"""
"1;""Гулька"""
"1;""Гулькай"""
"1;""Гульмира"""
"1;""Гульназ"""
"1;""Гульназик"""
"1;""Гульназира"""
"1;""Гульназка"""
"1;""Гульназочка"""
"1;""Гульнар"""
"1;""Гульнара"""
"1;""Гульнарочка"""
"1;""Гульнур"""
"1;""Гульнура"""
"1;""Гульсара"""
"1;""Гульсасак"""
"1;""Гульсина"""
"1;""Гульсира"""
"1;""Гульсия"""
"1;""Гульсум"""
"1;""Гульфина"""
"1;""Гульфира"""
"1;""Гульфия"""
"1;""Гульчачак"""
"1;""Гульчик"""
"1;""Гульшан"""
"1;""Гульшат"""
"1;""Гулюза"""
"1;""Гулюса"""
"1;""Гуля"""
"1;""Гэрэлма"""
"1;""Гюзелия"""
"1;""Гюзель"""
"1;""Гюзяль"""
"1;""Гюльнара"""
"1;""Гюнай"""
"1;""Гюнель"""
"1;""Да"""
"1;""Дайана"""
"1;""Далия"""
"1;""Дамира"""
"1;""Дана"""
"1;""Данара"""
"1;""Данечка"""
"1;""Даниела"""
"1;""Даниэла"""
"1;""Даниэлла"""
"1;""Дания"""
"1;""Данка"""
"1;""Данна"""
"1;""Даночка"""
"1;""Данька"""
"1;""Даня"""
"1;""Дарья"""
"1;""Дара"""
"1;""Дари"""
"1;""Дарига"""
"1;""Дарима"""
"1;""Дарина"""
"1;""Даринка"""
"1;""Дариночка"""
"1;""Дариша"""
"1;""Даришка"""
"1;""Дария"""
"1;""Дарія"""
"1;""Дарька"""
"1;""Дарьюшка"""
"1;""Дарья"""
"1;""Дарьяна"""
"1;""Даря"""
"1;""Даха"""
"1;""Даша"""
"1;""Дашенька"""
"1;""Дашечка"""
"1;""Дашик"""
"1;""Дашка"""
"1;""Дашко"""
"1;""Дашулечка"""
"1;""Дашулик"""
"1;""Дашуличка"""
"1;""Дашулька"""
"1;""Дашуля"""
"1;""Дашунчик"""
"1;""Дашунька"""
"1;""Дашуня"""
"1;""Дашусик"""
"1;""Дашута"""
"1;""Дашутка"""
"1;""Даяна"""
"1;""Деля"""
"1;""Деми"""
"1;""Дениза"""
"1;""Джамиля"""
"1;""Джана"""
"1;""Джейн"""
"1;""Джемма"""
"1;""Дженнет"""
"1;""Дженни"""
"1;""Джесика"""
"1;""Джессика"""
"1;""Джули"""
"1;""Джулия"""
"1;""Джульетта"""
"1;""Ди"""
"1;""Диана"""
"1;""Дианка"""
"1;""Дианна"""
"1;""Дианочка"""
"1;""Дианчик"""
"1;""Дилара"""
"1;""Дилечка"""
"1;""Дилия"""
"1;""Дильбар"""
"1;""Дильназ"""
"1;""Диля"""
"1;""Диляра"""
"1;""Дилярочка"""
"1;""Дина"""
"1;""Динара"""
"1;""Динарка"""
"1;""Динарочка"""
"1;""Динка"""
"1;""Диночка"""
"1;""Динуля"""
"1;""Дияна"""
"1;""Діана"""
"1;""Діанка"""
"1;""Діаночка"""
"1;""Діна"""
"1;""Долаана"""
"1;""Долгора"""
"1;""Дом"""
"1;""Доминика"""
"1;""Дора"""
"1;""Дракулаура"""
"1;""Дулма"""
"1;""Дуня"""
"1;""Дуняша"""
"1;""Дуся"""
"1;""Ева"""
"1;""Евангелина"""
"1;""Евгения"""
"1;""Евгеша"""
"1;""Евгешка"""
"1;""Евдокия"""
"1;""Евеліна"""
"1;""Евлампия"""
"1;""Евочка"""
"1;""Екатерина"""
"1;""Екатеринка"""
"1;""Екатериночка"""
"1;""Екатирина"""
"1;""Елена"""
"1;""Еленка"""
"1;""Еленочка"""
"1;""Елизавета"""
"1;""Елизаветка"""
"1;""Елизаветта"""
"1;""Елизовета"""
"1;""Елисавета"""
"1;""Еля"""
"1;""Емма"""
"1;""Еріка"""
"1;""Ерке"""
"1;""Еркежан"""
"1;""Есения"""
"1;""Ефросинья"""
"1;""Єва"""
"1;""Євгенія"""
"1;""Єлизавета"""
"1;""Жадыра"""
"1;""Жазира"""
"1;""Жаклин"""
"1;""Жамиля"""
"1;""Жанар"""
"1;""Жанара"""
"1;""Жанат"""
"1;""Жанель"""
"1;""Жанерке"""
"1;""Жанетта"""
"1;""Жания"""
"1;""Жанка"""
"1;""Жанна"""
"1;""Жаннет"""
"1;""Жаннета"""
"1;""Жанночка"""
"1;""Жансая"""
"1;""Жаргалма"""
"1;""Жаркое"""
"1;""Жасмин"""
"1;""Жасмина"""
"1;""Жека"""
"1;""Жена"""
"1;""Женечка"""
"1;""Женичка"""
"1;""Женские"""
"1;""Женский"""
"1;""Женька"""
"1;""Женюлька"""
"1;""Женя"""
"1;""Жибек"""
"1;""Жозефина"""
"1;""Жулдуз"""
"1;""Жулдыз"""
"1;""Забава"""
"1;""Зайка"""
"1;""Зайнаб"""
"1;""Заира"""
"1;""Зайтуна"""
"1;""Залина"""
"1;""Залифа"""
"1;""Залия"""
"1;""Замира"""
"1;""Зара"""
"1;""Зарема"""
"1;""Зарима"""
"1;""Зарина"""
"1;""Заринка"""
"1;""Зариночка"""
"1;""Зарифа"""
"1;""Зария"""
"1;""Заррина"""
"1;""Заряна"""
"1;""Зауре"""
"1;""Зауреш"""
"1;""Зая"""
"1;""Заяна"""
"1;""Зейнаб"""
"1;""Земфира"""
"1;""Зенфира"""
"1;""Зера"""
"1;""Зилара"""
"1;""Зилия"""
"1;""Зиля"""
"1;""Зимфира"""
"1;""Зина"""
"1;""Зинаида"""
"1;""Зинира"""
"1;""Зинка"""
"1;""Зиночка"""
"1;""Зинулька"""
"1;""Зинуля"""
"1;""Зинфира"""
"1;""Зита"""
"1;""Зифа"""
"1;""Злата"""
"1;""Златослава"""
"1;""Златочка"""
"1;""Зоечка"""
"1;""Зомби"""
"1;""Зоряна"""
"1;""Зорянка"""
"1;""Зося"""
"1;""Зоя"""
"1;""Зубаржат"""
"1;""Зулейха"""
"1;""Зулечка"""
"1;""Зулия"""
"1;""Зулька"""
"1;""Зульфина"""
"1;""Зульфира"""
"1;""Зульфия"""
"1;""Зульхиза"""
"1;""Зуля"""
"1;""Зумруд"""
"1;""Зухра"""
"1;""Ив"""
"1;""Ива"""
"1;""Ивана"""
"1;""Иванка"""
"1;""Иванна"""
"1;""Ивета"""
"1;""Иветта"""
"1;""Ида"""
"1;""Изабелла"""
"1;""Изабель"""
"1;""Изалия"""
"1;""Изольда"""
"1;""Илана"""
"1;""Илария"""
"1;""Илиана"""
"1;""Илиза"""
"1;""Илина"""
"1;""Илона"""
"1;""Илонка"""
"1;""Илоночка"""
"1;""Илончик"""
"1;""Ильвера"""
"1;""Ильвина"""
"1;""Ильвира"""
"1;""Ильгиза"""
"1;""Ильгина"""
"1;""Ильзида"""
"1;""Ильзира"""
"1;""Ильзия"""
"1;""Ильмира"""
"1;""Ильмирочка"""
"1;""Ильнара"""
"1;""Ильсеяр"""
"1;""Ильсина"""
"1;""Ильсия"""
"1;""Ильсияр"""
"1;""Ильфира"""
"1;""Ильяна"""
"1;""Илюза"""
"1;""Илюзя"""
"1;""Илюса"""
"1;""Илюся"""
"1;""Иля"""
"1;""Иляна"""
"1;""Иман"""
"1;""Империя"""
"1;""Имя"""
"1;""Ина"""
"1;""Инара"""
"1;""Инга"""
"1;""Ингрид"""
"1;""Индира"""
"1;""Индирочка"""
"1;""Инесса"""
"1;""Инесска"""
"1;""Инзиля"""
"1;""Инзира"""
"1;""Инка"""
"1;""Инкар"""
"1;""Инна"""
"1;""Иннеса"""
"1;""Инночка"""
"1;""Иннулька"""
"1;""Иннуля"""
"1;""Иннусик"""
"1;""Иннуська"""
"1;""Иннуся"""
"1;""Ино"""
"1;""Иночка"""
"1;""Инусик"""
"1;""Инуська"""
"1;""Инуся"""
"1;""Инчик"""
"1;""Иоанна"""
"1;""Иоланта"""
"1;""Йолдыз"""
"1;""Ира"""
"1;""Ирада"""
"1;""Ираида"""
"1;""Ирен"""
"1;""Ирена"""
"1;""Ирина"""
"1;""Иринка"""
"1;""Ириночка"""
"1;""Ирис"""
"1;""Ириска"""
"1;""Ириша"""
"1;""Иришенька"""
"1;""Иришечка"""
"1;""Иришка"""
"1;""Ирка"""
"1;""Ирма"""
"1;""Ирочка"""
"1;""Ирунчик"""
"1;""Ируня"""
"1;""Ирусик"""
"1;""Ируська"""
"1;""Ируся"""
"1;""Ирчик"""
"1;""Ирэн"""
"1;""Ирэна"""
"1;""Ирэнка"""
"1;""Иулия"""
"1;""Ия"""
"1;""Іванка"""
"1;""Іванна"""
"1;""Іваночка"""
"1;""Ілона"""
"1;""Ілонка"""
"1;""Інна"""
"1;""Іннуся"""
"1;""Іра"""
"1;""Ірена"""
"1;""Ірина"""
"1;""Іринка"""
"1;""Ірка"""
"1;""Ірочка"""
"1;""Іруська"""
"1;""Іруся"""
"1;""Ка"""
"1;""Кадрия"""
"1;""Калерия"""
"1;""Калина"""
"1;""Камелия"""
"1;""Камила"""
"1;""Камилка"""
"1;""Камилла"""
"1;""Камиллочка"""
"1;""Камилочка"""
"1;""Камиля"""
"1;""Каміла"""
"1;""Камшат"""
"1;""Капиталина"""
"1;""Капитолина"""
"1;""Кара"""
"1;""Каралина"""
"1;""Карима"""
"1;""Карина"""
"1;""Карине"""
"1;""Каринка"""
"1;""Кариночка"""
"1;""Каринчик"""
"1;""Каринэ"""
"1;""Кариша"""
"1;""Каришка"""
"1;""Каріна"""
"1;""Карінка"""
"1;""Карлыгаш"""
"1;""Кармен"""
"1;""Каролина"""
"1;""Каролинка"""
"1;""Кароліна"""
"1;""Кася"""
"1;""Каталина"""
"1;""Катарина"""
"1;""Катена"""
"1;""Катёна"""
"1;""Катенок"""
"1;""Катёнок"""
"1;""Катенька"""
"1;""Катерина"""
"1;""Катеринка"""
"1;""Катериночка"""
"1;""Катечка"""
"1;""Кати"""
"1;""Катрин"""
"1;""Катрина"""
"1;""Катринка"""
"1;""Катруся"""
"1;""Катька"""
"1;""Катько"""
"1;""Катю"""
"1;""Катюнечка"""
"1;""Катюнчик"""
"1;""Катюнька"""
"1;""Катюня"""
"1;""Катюфка"""
"1;""Катюффка"""
"1;""Катюха"""
"1;""Катюша"""
"1;""Катюшенька"""
"1;""Катюшечка"""
"1;""Катюшка"""
"1;""Катя"""
"1;""Кейт"""
"1;""Кермен"""
"1;""Кети"""
"1;""Кетрин"""
"1;""Кеша"""
"1;""Ким"""
"1;""Кира"""
"1;""Кирочка"""
"1;""Кирюша"""
"1;""Кіра"""
"1;""Клава"""
"1;""Клавдия"""
"1;""Клара"""
"1;""Клементина"""
"1;""Клео"""
"1;""Клеопатра"""
"1;""Клодин"""
"1;""Кнарик"""
"1;""Констанция"""
"1;""Корнелия"""
"1;""Крестина"""
"1;""Крис"""
"1;""Криста"""
"1;""Кристен"""
"1;""Кристи"""
"1;""Кристиана"""
"1;""Кристик"""
"1;""Кристин"""
"1;""Кристина"""
"1;""Кристинка"""
"1;""Кристиночка"""
"1;""Кристинчик"""
"1;""Кристиша"""
"1;""Кристишка"""
"1;""Кристюха"""
"1;""Кристюша"""
"1;""Кристюшка"""
"1;""Кристя"""
"1;""Крістіна"""
"1;""Крістінка"""
"1;""Крошка"""
"1;""Ксана"""
"1;""Ксенечка"""
"1;""Ксеничка"""
"1;""Ксения"""
"1;""Ксенія"""
"1;""Ксенька"""
"1;""Ксенья"""
"1;""Ксеня"""
"1;""Ксю"""
"1;""Ксюнечка"""
"1;""Ксюничка"""
"1;""Ксюнчик"""
"1;""Ксюнька"""
"1;""Ксюньчик"""
"1;""Ксюня"""
"1;""Ксюха"""
"1;""Ксюша"""
"1;""Ксюшенька"""
"1;""Ксюшечка"""
"1;""Ксюшик"""
"1;""Ксюшка"""
"1;""Кузя"""
"1;""Кундыз"""
"1;""Куннэй"""
"1;""Куралай"""
"1;""Куча"""
"1;""Кушина"""
"1;""Кымбат"""
"1;""Кэролайн"""
"1;""Кэт"""
"1;""Кэти"""
"1;""Кэтрин"""
"1;""Кэтти"""
"1;""Кюннэй"""
"1;""Лагуна"""
"1;""Лада"""
"1;""Ладочка"""
"1;""Лайла"""
"1;""Лайма"""
"1;""Лайсан"""
"1;""Лала"""
"1;""Лали"""
"1;""Лалита"""
"1;""Ламия"""
"1;""Лана"""
"1;""Ланочка"""
"1;""Лара"""
"1;""Ларина"""
"1;""Лариса"""
"1;""Лариска"""
"1;""Ларисочка"""
"1;""Ларіса"""
"1;""Ларочка"""
"1;""Латифа"""
"1;""Лаура"""
"1;""Лаурита"""
"1;""Ле"""
"1;""Леана"""
"1;""Лейла"""
"1;""Лейли"""
"1;""Лейлочка"""
"1;""Лейля"""
"1;""Лейсан"""
"1;""Лейсана"""
"1;""Лейсанка"""
"1;""Лейсаночка"""
"1;""Лейсен"""
"1;""Лейсян"""
"1;""Лека"""
"1;""Лёка"""
"1;""Лекса"""
"1;""Лела"""
"1;""Лелечка"""
"1;""Лёлечка"""
"1;""Лёличка"""
"1;""Лелька"""
"1;""Лёлька"""
"1;""Леля"""
"1;""Лёля"""
"1;""Лена"""
"1;""Лёна"""
"1;""Ленара"""
"1;""Ленария"""
"1;""Ление"""
"1;""Лениза"""
"1;""Ленка"""
"1;""Ленок"""
"1;""Леночек"""
"1;""Леночка"""
"1;""Ленулька"""
"1;""Ленуля"""
"1;""Ленура"""
"1;""Ленусик"""
"1;""Ленуська"""
"1;""Ленуся"""
"1;""Ленчик"""
"1;""Леона"""
"1;""Леонора"""
"1;""Лера"""
"1;""Лерачка"""
"1;""Лерик"""
"1;""Лерика"""
"1;""Лерка"""
"1;""Лерок"""
"1;""Лерочка"""
"1;""Лерунчик"""
"1;""Леруня"""
"1;""Лерусик"""
"1;""Леруська"""
"1;""Леруся"""
"1;""Лерчик"""
"1;""Лесёна"""
"1;""Лесёнок"""
"1;""Лесенька"""
"1;""Лесечка"""
"1;""Лесик"""
"1;""Леська"""
"1;""Лесюня"""
"1;""Леся"""
"1;""Лёся"""
"1;""Лея"""
"1;""Лєна"""
"1;""Лєнка"""
"1;""Лєночка"""
"1;""Лєра"""
"1;""Ли"""
"1;""Лиана"""
"1;""Лианка"""
"1;""Лианна"""
"1;""Лианочка"""
"1;""Лида"""
"1;""Лидия"""
"1;""Лидка"""
"1;""Лидок"""
"1;""Лидочка"""
"1;""Лидусик"""
"1;""Лидуська"""
"1;""Лидуся"""
"1;""Лиза"""
"1;""Лизавета"""
"1;""Лизаветка"""
"1;""Лизанька"""
"1;""Лизик"""
"1;""Лизка"""
"1;""Лизок"""
"1;""Лизонька"""
"1;""Лизочка"""
"1;""Лизунька"""
"1;""Лизуня"""
"1;""Лика"""
"1;""Ликуся"""
"1;""Лила"""
"1;""Лилек"""
"1;""Лилёк"""
"1;""Лилечка"""
"1;""Лили"""
"1;""Лилиана"""
"1;""Лилианна"""
"1;""Лилит"""
"1;""Лиличка"""
"1;""Лилия"""
"1;""Лилияна"""
"1;""Лилу"""
"1;""Лилька"""
"1;""Лиля"""
"1;""Лима"""
"1;""Лина"""
"1;""Линара"""
"1;""Линария"""
"1;""Линда"""
"1;""Линиза"""
"1;""Линка"""
"1;""Линочка"""
"1;""Лира"""
"1;""Лиса"""
"1;""Лия"""
"1;""Лияна"""
"1;""Ліана"""
"1;""Ліда"""
"1;""Лідія"""
"1;""Ліза"""
"1;""Лілічка"""
"1;""Лілія"""
"1;""Ліля"""
"1;""Ліна"""
"1;""Лола"""
"1;""Лолита"""
"1;""Лора"""
"1;""Лорик"""
"1;""Лоя"""
"1;""Луиза"""
"1;""Луизочка"""
"1;""Лукерья"""
"1;""Луна"""
"1;""Лусине"""
"1;""Лусинэ"""
"1;""Лэйла"""
"1;""Лю"""
"1;""Люба"""
"1;""Любава"""
"1;""Любанечка"""
"1;""Любанька"""
"1;""Любаня"""
"1;""Любасик"""
"1;""Любаша"""
"1;""Любашка"""
"1;""Любимая"""
"1;""Любка"""
"1;""Люблю"""
"1;""Любов"""
"1;""Любовь"""
"1;""Любочка"""
"1;""Люда"""
"1;""Людка"""
"1;""Людмила"""
"1;""Людмилка"""
"1;""Людмилочка"""
"1;""Людок"""
"1;""Людочка"""
"1;""Люзия"""
"1;""Люлька"""
"1;""Люля"""
"1;""Люсенька"""
"1;""Люсечка"""
"1;""Люси"""
"1;""Люсик"""
"1;""Люсия"""
"1;""Люсьен"""
"1;""Люсьена"""
"1;""Люська"""
"1;""Люся"""
"1;""Люция"""
"1;""Ля"""
"1;""Ляззат"""
"1;""Ляйля"""
"1;""Ляйсан"""
"1;""Ляйсанка"""
"1;""Ляйсаночка"""
"1;""Ляйсян"""
"1;""Лялечка"""
"1;""Лялька"""
"1;""Ляля"""
"1;""Ляна"""
"1;""Ма"""
"1;""Мавиле"""
"1;""Мавлида"""
"1;""Магдалена"""
"1;""Магдалина"""
"1;""Мадина"""
"1;""Мадинка"""
"1;""Мадиночка"""
"1;""Мадлен"""
"1;""Мадлена"""
"1;""Майли"""
"1;""Майра"""
"1;""Майя"""
"1;""Мака"""
"1;""Макка"""
"1;""Макпал"""
"1;""Максим"""
"1;""Малена"""
"1;""Малика"""
"1;""Малина"""
"1;""Малинка"""
"1;""Мальвина"""
"1;""Мама"""
"1;""Мамина"""
"1;""Манана"""
"1;""Манечка"""
"1;""Манижа"""
"1;""Манька"""
"1;""Манюнька"""
"1;""Манюня"""
"1;""Маня"""
"1;""Маняша"""
"1;""Маняшка"""
"1;""Марьяна"""
"1;""Марьянка"""
"1;""Мара"""
"1;""Марал"""
"1;""Марат"""
"1;""Маргарет"""
"1;""Маргарита"""
"1;""Маргаритка"""
"1;""Маргариточка"""
"1;""Марго"""
"1;""Маргорита"""
"1;""Маргоша"""
"1;""Маргошка"""
"1;""Маржан"""
"1;""Маржана"""
"1;""Марзия"""
"1;""Мари"""
"1;""Мариам"""
"1;""Мариана"""
"1;""Марианна"""
"1;""Мариетта"""
"1;""Марийка"""
"1;""Марика"""
"1;""Марина"""
"1;""Марине"""
"1;""Маринка"""
"1;""Мариночка"""
"1;""Маринчик"""
"1;""Маринэ"""
"1;""Марита"""
"1;""Маричка"""
"1;""Мариша"""
"1;""Маришечка"""
"1;""Маришка"""
"1;""Мария"""
"1;""Мариям"""
"1;""Маріанна"""
"1;""Марійка"""
"1;""Маріна"""
"1;""Марінка"""
"1;""Марічка"""
"1;""Марія"""
"1;""Марта"""
"1;""Мартина"""
"1;""Мартуся"""
"1;""Маруська"""
"1;""Маруся"""
"1;""Марфа"""
"1;""Марья"""
"1;""Марьям"""
"1;""Марьяна"""
"1;""Марьянка"""
"1;""Марьяночка"""
"1;""Марьяша"""
"1;""Марьяшка"""
"1;""Маря"""
"1;""Маряна"""
"1;""Марянка"""
"1;""Маська"""
"1;""Мася"""
"1;""Масяня"""
"1;""Матвей"""
"1;""Матильда"""
"1;""Матрена"""
"1;""Мафка"""
"1;""Мафтуна"""
"1;""Маха"""
"1;""Махабат"""
"1;""Махаббат"""
"1;""Маша"""
"1;""Машенька"""
"1;""Машечка"""
"1;""Машка"""
"1;""Машулечка"""
"1;""Машуличка"""
"1;""Машулька"""
"1;""Машуля"""
"1;""Машунька"""
"1;""Машуня"""
"1;""Машута"""
"1;""Машутка"""
"1;""Мая"""
"1;""Мега"""
"1;""Медея"""
"1;""Медина"""
"1;""Мелания"""
"1;""Мелина"""
"1;""Мелиса"""
"1;""Мелисса"""
"1;""Меня"""
"1;""Мерей"""
"1;""Мери"""
"1;""Меруерт"""
"1;""Мерьем"""
"1;""Ми"""
"1;""Миа"""
"1;""Мика"""
"1;""Мику"""
"1;""Мила"""
"1;""Милада"""
"1;""Милана"""
"1;""Милания"""
"1;""Миланка"""
"1;""Миланочка"""
"1;""Милашка"""
"1;""Милена"""
"1;""Миленка"""
"1;""Миленочка"""
"1;""Милечка"""
"1;""Милина"""
"1;""Милиса"""
"1;""Милка"""
"1;""Милла"""
"1;""Милослава"""
"1;""Милочка"""
"1;""Милька"""
"1;""Миля"""
"1;""Миляуша"""
"1;""Миляшка"""
"1;""Мина"""
"1;""Минзаля"""
"1;""Минзиля"""
"1;""Минигуль"""
"1;""Мира"""
"1;""Миранда"""
"1;""Мираслава"""
"1;""Мирка"""
"1;""Мирослава"""
"1;""Мирося"""
"1;""Мирочка"""
"1;""Мирра"""
"1;""Миса"""
"1;""Мисаки"""
"1;""Михаела"""
"1;""Михаил"""
"1;""Миша"""
"1;""Мишель"""
"1;""Мишка"""
"1;""Мия"""
"1;""Міла"""
"1;""Мілана"""
"1;""Мока"""
"1;""Молдир"""
"1;""Молли"""
"1;""Мона"""
"1;""Моника"""
"1;""Мотя"""
"1;""Моя"""
"1;""Муза"""
"1;""Мунира"""
"1;""Муслима"""
"1;""Муся"""
"1;""Мэри"""
"1;""Мээрим"""
"1;""На"""
"1;""Нагима"""
"1;""Надежда"""
"1;""Надёна"""
"1;""Наденька"""
"1;""Надечка"""
"1;""Нади"""
"1;""Надин"""
"1;""Надина"""
"1;""Надира"""
"1;""Надия"""
"1;""Надійка"""
"1;""Надія"""
"1;""Надька"""
"1;""Надюфка"""
"1;""Надюха"""
"1;""Надюша"""
"1;""Надюшенька"""
"1;""Надюшечка"""
"1;""Надюшка"""
"1;""Надя"""
"1;""Нажия"""
"1;""Назгуль"""
"1;""Назерке"""
"1;""Назиля"""
"1;""Назира"""
"1;""Назифа"""
"1;""Назия"""
"1;""Назым"""
"1;""Наида"""
"1;""Наиля"""
"1;""Найля"""
"1;""Наина"""
"1;""Наира"""
"1;""Нана"""
"1;""Нани"""
"1;""Нара"""
"1;""Наргиз"""
"1;""Наргиза"""
"1;""Наргис"""
"1;""Нарина"""
"1;""Нарине"""
"1;""Наринэ"""
"1;""Наркас"""
"1;""Нармин"""
"1;""Нармина"""
"1;""Нарыйа"""
"1;""Насиба"""
"1;""Насима"""
"1;""Настасия"""
"1;""Настаська"""
"1;""Настасья"""
"1;""Настася"""
"1;""Настена"""
"1;""Настёна"""
"1;""Настенка"""
"1;""Настёнка"""
"1;""Настеночка"""
"1;""Настёночка"""
"1;""Настёныш"""
"1;""Настенька"""
"1;""Настик"""
"1;""Настінька"""
"1;""Настуся"""
"1;""Настька"""
"1;""Настьона"""
"1;""Настюля"""
"1;""Настюня"""
"1;""Настюха"""
"1;""Настюша"""
"1;""Настюшенька"""
"1;""Настюшечка"""
"1;""Настюшка"""
"1;""Настя"""
"1;""Наська"""
"1;""Нася"""
"1;""Ната"""
"1;""Натали"""
"1;""Наталина"""
"1;""Наталия"""
"1;""Наталі"""
"1;""Наталія"""
"1;""Наталка"""
"1;""Наталочка"""
"1;""Наталька"""
"1;""наталья"""
"1;""Наталья"""
"1;""Наталя"""
"1;""Натафка"""
"1;""Натаха"""
"1;""Наташа"""
"1;""Наташенька"""
"1;""Наташечка"""
"1;""Наташка"""
"1;""Натела"""
"1;""Нателла"""
"1;""Нати"""
"1;""Натик"""
"1;""Натия"""
"1;""Натка"""
"1;""Наточка"""
"1;""Натулечка"""
"1;""Натуличка"""
"1;""Натулька"""
"1;""Натуля"""
"1;""Натусечка"""
"1;""Натусик"""
"1;""Натусичка"""
"1;""Натуська"""
"1;""Натуся"""
"1;""Натэлла"""
"1;""Нафиса"""
"1;""Ная"""
"1;""Не"""
"1;""Нелечка"""
"1;""Нели"""
"1;""Неличка"""
"1;""Нелли"""
"1;""Нелля"""
"1;""Нелька"""
"1;""Неля"""
"1;""Неонила"""
"1;""Нигина"""
"1;""Нигора"""
"1;""Нигяр"""
"1;""Ника"""
"1;""Ники"""
"1;""Никита"""
"1;""Никки"""
"1;""Николетта"""
"1;""Николина"""
"1;""Николь"""
"1;""Никуля"""
"1;""Никуся"""
"1;""Нила"""
"1;""Нилуфар"""
"1;""Нина"""
"1;""Нинель"""
"1;""Нинка"""
"1;""Нино"""
"1;""Нинок"""
"1;""Ниночка"""
"1;""Нинулька"""
"1;""Нинуля"""
"1;""Нинусик"""
"1;""Нинуся"""
"1;""Нинэль"""
"1;""Нита"""
"1;""Ничка"""
"1;""Нияра"""
"1;""Ніка"""
"1;""Ніна"""
"1;""Нона"""
"1;""Нонна"""
"1;""Нора"""
"1;""Нурай"""
"1;""Нурана"""
"1;""Нурания"""
"1;""Нургуль"""
"1;""Нурзида"""
"1;""Нурзиля"""
"1;""Нурзия"""
"1;""Нурия"""
"1;""Нурсиля"""
"1;""Нурсулу"""
"1;""Ньургуйаана"""
"1;""Нэлли"""
"1;""Нэля"""
"1;""Нэркэс"""
"1;""Нюра"""
"1;""Нюргуяна"""
"1;""Нюрка"""
"1;""Нюрочка"""
"1;""Нюська"""
"1;""Нюся"""
"1;""Нюта"""
"1;""Нютик"""
"1;""Нютка"""
"1;""Нюточка"""
"1;""Нюша"""
"1;""Нюшка"""
"1;""Няша"""
"1;""Няшка"""
"1;""Оксана"""
"1;""Оксанка"""
"1;""Оксаночка"""
"1;""Оксанчик"""
"1;""Окси"""
"1;""Октябрина"""
"1;""Олександра"""
"1;""Олена"""
"1;""Олёна"""
"1;""Оленка"""
"1;""Оленька"""
"1;""Олесенька"""
"1;""Олесечка"""
"1;""Олеська"""
"1;""Олеся"""
"1;""Олечка"""
"1;""Оливия"""
"1;""Олик"""
"1;""Олика"""
"1;""Олимпиада"""
"1;""Оличка"""
"1;""Олия"""
"1;""Олічка"""
"1;""Олли"""
"1;""Оль"""
"1;""ольга"""
"1;""Ольга"""
"1;""Ольгуня"""
"1;""Олька"""
"1;""Ольча"""
"1;""Ольчик"""
"1;""Олюнька"""
"1;""Олюня"""
"1;""Олюсик"""
"1;""Олюська"""
"1;""Олюся"""
"1;""Олюша"""
"1;""Олюшка"""
"1;""Оля"""
"1;""Оля-Ля"""
"1;""Орися"""
"1;""Офелия"""
"1;""Оюна"""
"1;""Павла"""
"1;""Павлина"""
"1;""Палина"""
"1;""Папина"""
"1;""Пара"""
"1;""Парвина"""
"1;""Патимат"""
"1;""Патриция"""
"1;""Патя"""
"1;""Паулина"""
"1;""Паша"""
"1;""Пелагея"""
"1;""Перизат"""
"1;""Пинки"""
"1;""Полечка"""
"1;""Полина"""
"1;""Полинка"""
"1;""Полиночка"""
"1;""Поличка"""
"1;""Полиша"""
"1;""Полишка"""
"1;""Поліна"""
"1;""Полли"""
"1;""Полька"""
"1;""Поля"""
"1;""Прасковья"""
"1;""Привет"""
"1;""Равиля"""
"1;""Равия"""
"1;""Рада"""
"1;""Радмила"""
"1;""Радослава"""
"1;""Раечка"""
"1;""Разалина"""
"1;""Разалия"""
"1;""Разида"""
"1;""Разиля"""
"1;""Разина"""
"1;""Разифа"""
"1;""Разия"""
"1;""Раиля"""
"1;""Райля"""
"1;""Раиса"""
"1;""Райса"""
"1;""Раиска"""
"1;""Райфа"""
"1;""Райхан"""
"1;""Райхана"""
"1;""Раксана"""
"1;""Ралина"""
"1;""Ралия"""
"1;""Рамзиля"""
"1;""Рамзия"""
"1;""Рамила"""
"1;""Рамиля"""
"1;""Рамина"""
"1;""Рания"""
"1;""Расиля"""
"1;""Расима"""
"1;""Раушан"""
"1;""Раушания"""
"1;""Раф"""
"1;""Рафида"""
"1;""Рафиля"""
"1;""Рафина"""
"1;""Рафиса"""
"1;""Рахима"""
"1;""Рашида"""
"1;""Рая"""
"1;""Раяна"""
"1;""Ребекка"""
"1;""Регина"""
"1;""Регинка"""
"1;""Региночка"""
"1;""Региша"""
"1;""Регишка"""
"1;""Резеда"""
"1;""Резедушка"""
"1;""Резида"""
"1;""Рена"""
"1;""Рената"""
"1;""Ренатка"""
"1;""Ренаточка"""
"1;""Риана"""
"1;""Ригина"""
"1;""Рида"""
"1;""Риза"""
"1;""Ризида"""
"1;""Рика"""
"1;""Рима"""
"1;""Римма"""
"1;""Риммочка"""
"1;""Рин"""
"1;""Рина"""
"1;""Ринат"""
"1;""Рината"""
"1;""Риночка"""
"1;""Рита"""
"1;""Ритка"""
"1;""Риточка"""
"1;""Ритулька"""
"1;""Ритуля"""
"1;""Ритусик"""
"1;""Ритуська"""
"1;""Ритуся"""
"1;""Риша"""
"1;""Ріта"""
"1;""Роза"""
"1;""Розали"""
"1;""Розалина"""
"1;""Розалия"""
"1;""Розочка"""
"1;""Роксана"""
"1;""Рокси"""
"1;""Роксолана"""
"1;""Рома"""
"1;""Романа"""
"1;""Ромина"""
"1;""Росина"""
"1;""Ростислава"""
"1;""Рубина"""
"1;""Рузалина"""
"1;""Рузалия"""
"1;""Рузана"""
"1;""Рузанна"""
"1;""Рузиля"""
"1;""Рузина"""
"1;""Рузия"""
"1;""Рукия"""
"1;""Румия"""
"1;""Русалина"""
"1;""Русана"""
"1;""Руслана"""
"1;""Русланка"""
"1;""Русланочка"""
"1;""Рустам"""
"1;""Руся"""
"1;""Руфина"""
"1;""Руфия"""
"1;""Рушана"""
"1;""Рушания"""
"1;""Сабина"""
"1;""Сабинка"""
"1;""Сабиночка"""
"1;""Сабира"""
"1;""Сабрина"""
"1;""Савия"""
"1;""Саглара"""
"1;""Саида"""
"1;""Сайзана"""
"1;""Саина"""
"1;""Сакина"""
"1;""Сакура"""
"1;""Салима"""
"1;""Салия"""
"1;""Салта"""
"1;""Салтанат"""
"1;""Сама"""
"1;""Самал"""
"1;""Саманта"""
"1;""Самара"""
"1;""Самая"""
"1;""Самира"""
"1;""Сана"""
"1;""Сандра"""
"1;""Сандугаш"""
"1;""Санёк"""
"1;""Санечка"""
"1;""Сания"""
"1;""Саният"""
"1;""Санта"""
"1;""Санька"""
"1;""Саня"""
"1;""Сара"""
"1;""Саргылана"""
"1;""Сардаана"""
"1;""Сардана"""
"1;""Сария"""
"1;""Сарюна"""
"1;""Сати"""
"1;""Сауле"""
"1;""Сафина"""
"1;""Сафия"""
"1;""Сахая"""
"1;""Сахаяна"""
"1;""Саша"""
"1;""Сашенька"""
"1;""Сашечка"""
"1;""Сашка"""
"1;""Сашулечка"""
"1;""Сашулька"""
"1;""Сашуля"""
"1;""Сашунька"""
"1;""Сашуня"""
"1;""Сая"""
"1;""Саяна"""
"1;""Свет"""
"1;""Света"""
"1;""Светик"""
"1;""Светка"""
"1;""Светлана"""
"1;""Светланка"""
"1;""Светланочка"""
"1;""Светочка"""
"1;""Светулечка"""
"1;""Светулька"""
"1;""Светуля"""
"1;""Светусик"""
"1;""Светуська"""
"1;""Светуся"""
"1;""Свєта"""
"1;""Свєтік"""
"1;""Свєтка"""
"1;""Світлана"""
"1;""Світланка"""
"1;""Святослава"""
"1;""Сева"""
"1;""Севара"""
"1;""Севда"""
"1;""Севиль"""
"1;""Севиля"""
"1;""Севиндж"""
"1;""Севинч"""
"1;""Седа"""
"1;""Селена"""
"1;""Сеня"""
"1;""Серафима"""
"1;""Сильва"""
"1;""Сильвия"""
"1;""Сима"""
"1;""Симона"""
"1;""Симочка"""
"1;""Сирена"""
"1;""Сирень"""
"1;""Сирина"""
"1;""Ситора"""
"1;""Слава"""
"1;""Славка"""
"1;""Славочка"""
"1;""Славяна"""
"1;""Смирнова"""
"1;""Снегурочка"""
"1;""Снежа"""
"1;""Снежана"""
"1;""Снежанка"""
"1;""Снежанна"""
"1;""Снежаночка"""
"1;""Снежка"""
"1;""Снижана"""
"1;""Сніжана"""
"1;""Соелма"""
"1;""Соломия"""
"1;""Соломійка"""
"1;""Соломія"""
"1;""Сона"""
"1;""Сонечка"""
"1;""Соничка"""
"1;""Сонька"""
"1;""Соня"""
"1;""Софа"""
"1;""Софи"""
"1;""Софийка"""
"1;""Софико"""
"1;""София"""
"1;""Софійка"""
"1;""Софія"""
"1;""Софка"""
"1;""Софочка"""
"1;""Софья"""
"1;""Станислава"""
"1;""Стасенька"""
"1;""Стаська"""
"1;""Стася"""
"1;""Стелла"""
"1;""Степанида"""
"1;""Стефани"""
"1;""Стефания"""
"1;""Стеша"""
"1;""Стюша"""
"1;""Сузанна"""
"1;""Сулпан"""
"1;""Сумбуль"""
"1;""Сусана"""
"1;""Сусанна"""
"1;""Суфия"""
"1;""Сымбат"""
"1;""Сэлмэг"""
"1;""Сэсэг"""
"1;""Сэсэгма"""
"1;""Сюзана"""
"1;""Сюзанна"""
"1;""Сюзи"""
"1;""Сюмбель"""
"1;""Таечка"""
"1;""Таис"""
"1;""Таиса"""
"1;""Таисия"""
"1;""Таисья"""
"1;""Талия"""
"1;""Тамара"""
"1;""Тамарочка"""
"1;""Тамила"""
"1;""Тамилла"""
"1;""Таміла"""
"1;""Тамуна"""
"1;""Танечка"""
"1;""Танзиля"""
"1;""Танита"""
"1;""Таничка"""
"1;""Танічка"""
"1;""Тансулпан"""
"1;""Тансылу"""
"1;""Танчик"""
"1;""Таншолпан"""
"1;""Танька"""
"1;""Таньчик"""
"1;""Танюсик"""
"1;""Танюська"""
"1;""Танюся"""
"1;""Танюфка"""
"1;""Танюффка"""
"1;""Танюха"""
"1;""Танюша"""
"1;""Танюшенька"""
"1;""Танюшечка"""
"1;""Танюшик"""
"1;""Танюшка"""
"1;""Таня"""
"1;""Таслима"""
"1;""Таська"""
"1;""Тася"""
"1;""Тата"""
"1;""Татевик"""
"1;""Тати"""
"1;""Татиана"""
"1;""Татка"""
"1;""Таточка"""
"1;""Татьяна"""
"1;""Татьянка"""
"1;""Татьяночка"""
"1;""Тахмина"""
"1;""Таша"""
"1;""Ташка"""
"1;""Тая"""
"1;""Темари"""
"1;""Теона"""
"1;""Тереза"""
"1;""Тетя"""
"1;""Тётя"""
"1;""Тетяна"""
"1;""Тетянка"""
"1;""Тиана"""
"1;""Тима"""
"1;""Тимофей"""
"1;""Тимур"""
"1;""Тина"""
"1;""Тинка"""
"1;""Тиночка"""
"1;""Тіна"""
"1;""Тогжан"""
"1;""Толганай"""
"1;""Толкын"""
"1;""Тома"""
"1;""Томара"""
"1;""Томачка"""
"1;""Томик"""
"1;""Томирис"""
"1;""Томка"""
"1;""Томочка"""
"1;""Тонечка"""
"1;""Тоничка"""
"1;""Тонька"""
"1;""Тоня"""
"1;""Тори"""
"1;""Тося"""
"1;""Тоша"""
"1;""Туйаара"""
"1;""Туся"""
"1;""Туяна"""
"1;""Туяра"""
"1;""Улжан"""
"1;""Улпан"""
"1;""Ульвия"""
"1;""Улька"""
"1;""Ульяна"""
"1;""Ульянка"""
"1;""Ульяночка"""
"1;""Ульяша"""
"1;""Ульяшка"""
"1;""Уля"""
"1;""Уляна"""
"1;""Улянка"""
"1;""Ума"""
"1;""Умида"""
"1;""Умка"""
"1;""Устина"""
"1;""Устинья"""
"1;""Фаина"""
"1;""Файруза"""
"1;""Фанзиля"""
"1;""Фанзия"""
"1;""Фаниля"""
"1;""Фаниса"""
"1;""Фания"""
"1;""Фануза"""
"1;""Фарзана"""
"1;""Фарида"""
"1;""Фариза"""
"1;""Фатима"""
"1;""Фатя"""
"1;""Фаузия"""
"1;""Фая"""
"1;""Фаягуль"""
"1;""Фекла"""
"1;""Фёкла"""
"1;""Фериде"""
"1;""Феруза"""
"1;""Фидалия"""
"1;""Фидан"""
"1;""Фидания"""
"1;""Физалия"""
"1;""Филия"""
"1;""Филюза"""
"1;""Фиона"""
"1;""Фира"""
"1;""Фирая"""
"1;""Фирдаус"""
"1;""Фируза"""
"1;""Фирюза"""
"1;""Фларида"""
"1;""Флера"""
"1;""Флёра"""
"1;""Флида"""
"1;""Флора"""
"1;""Флорида"""
"1;""Флюза"""
"1;""Флюра"""
"1;""Франческа"""
"1;""Френки"""
"1;""Фрида"""
"1;""Фрося"""
"1;""Хава"""
"1;""Хадиджа"""
"1;""Хадижа"""
"1;""Хадижат"""
"1;""Халида"""
"1;""Халима"""
"1;""Хана"""
"1;""Ханна"""
"1;""Хатидже"""
"1;""Хатуна"""
"1;""Хеда"""
"1;""Хелена"""
"1;""Хельга"""
"1;""Хината"""
"1;""Хлоя"""
"1;""Хочу"""
"1;""Христина"""
"1;""Христинка"""
"1;""Христя"""
"1;""Цагана"""
"1;""Цветана"""
"1;""Чаяна"""
"1;""Чимита"""
"1;""Чинара"""
"1;""Чинчи"""
"1;""Чодураа"""
"1;""Чойгана"""
"1;""Чулпан"""
"1;""Шаура"""
"1;""Шахноза"""
"1;""Шенне"""
"1;""Ширин"""
"1;""Шолпан"""
"1;""Шончалай"""
"1;""Шура"""
"1;""Шурка"""
"1;""Шурочка"""
"1;""Шынар"""
"1;""Шырын"""
"1;""Эва"""
"1;""Эвелина"""
"1;""Эвелинка"""
"1;""Эвилина"""
"1;""Эдита"""
"1;""Эдуард"""
"1;""Эка"""
"1;""Элана"""
"1;""Элен"""
"1;""Элена"""
"1;""Эленька"""
"1;""Элеонора"""
"1;""Элечка"""
"1;""Элиана"""
"1;""Элиза"""
"1;""Элизабет"""
"1;""Элина"""
"1;""Элинка"""
"1;""Элиночка"""
"1;""Элис"""
"1;""Элита"""
"1;""Эличка"""
"1;""Элла"""
"1;""Эллада"""
"1;""Элли"""
"1;""Эллина"""
"1;""Эллочка"""
"1;""Элона"""
"1;""Эль"""
"1;""Эльвера"""
"1;""Эльвина"""
"1;""Эльвинка"""
"1;""Эльвиночка"""
"1;""Эльвира"""
"1;""Эльвирка"""
"1;""Эльвирочка"""
"1;""Эльза"""
"1;""Эльзана"""
"1;""Эльзара"""
"1;""Эльзира"""
"1;""Эльзочка"""
"1;""Элька"""
"1;""Эльмаз"""
"1;""Эльмира"""
"1;""Эльмирка"""
"1;""Эльмирочка"""
"1;""Эльнара"""
"1;""Эльнура"""
"1;""Эльчик"""
"1;""Эля"""
"1;""Эми"""
"1;""Эмили"""
"1;""Эмилия"""
"1;""Эмиля"""
"1;""Эмина"""
"1;""Эмине"""
"1;""Эмма"""
"1;""Эндже"""
"1;""Энже"""
"1;""Энн"""
"1;""Энни"""
"1;""Эржена"""
"1;""Эржэна"""
"1;""Эрика"""
"1;""Эрна"""
"1;""Эсмира"""
"1;""Эстелла"""
"1;""Эстер"""
"1;""Этери"""
"1;""Эшли"""
"1;""Юка"""
"1;""Юки"""
"1;""Юла"""
"1;""Юлдуз"""
"1;""Юлек"""
"1;""Юлёк"""
"1;""Юлёна"""
"1;""Юленька"""
"1;""Юлёчек"""
"1;""Юлечка"""
"1;""Юли"""
"1;""Юлиана"""
"1;""Юлианка"""
"1;""Юлианна"""
"1;""Юлианочка"""
"1;""Юлик"""
"1;""Юлика"""
"1;""Юлинька"""
"1;""Юличка"""
"1;""Юлишна"""
"1;""Юлия"""
"1;""Юліана"""
"1;""Юліанна"""
"1;""Юлічка"""
"1;""Юлія"""
"1;""Юлка"""
"1;""Юль"""
"1;""Юлька"""
"1;""Юлько"""
"1;""Юльча"""
"1;""Юльченок"""
"1;""Юльчёнок"""
"1;""Юльчик"""
"1;""Юльчонок"""
"1;""Юлья"""
"1;""Юля"""
"1;""Юлясик"""
"1;""Юляська"""
"1;""Юляся"""
"1;""Юляха"""
"1;""Юляша"""
"1;""Юляшечка"""
"1;""Юляшка"""
"1;""Юна"""
"1;""Юнна"""
"1;""Юнона"""
"1;""Юстина"""
"1;""Юська"""
"1;""Юся"""
"1;""Юта"""
"1;""Ядвига"""
"1;""Язгуль"""
"1;""Язиля"""
"1;""Ямиля"""
"1;""Яна"""
"1;""Яначка"""
"1;""Яник"""
"1;""Яника"""
"1;""Янина"""
"1;""Янита"""
"1;""Янка"""
"1;""Янна"""
"1;""Яночка"""
"1;""Янулька"""
"1;""Януля"""
"1;""Янусик"""
"1;""Януська"""
"1;""Януся"""
"1;""Янчик"""
"1;""Яра"""
"1;""Ярина"""
"1;""Яринка"""
"1;""Ярослава"""
"1;""Ярославна"""
"1;""Ясенька"""
"1;""Ясмин"""
"1;""Ясмина"""
"1;""Яська"""
"1;""Яся"""
"1;""Яша"""
"2;""Аарон"""
"2;""Абай"""
"2;""Абакар"""
"2;""Аббас"""
"2;""Аббос"""
"2;""Абдул"""
"2;""Абдула"""
"2;""Абдулла"""
"2;""Абдуллах"""
"2;""Абдурахман"""
"2;""Абзал"""
"2;""Аблай"""
"2;""Абрам"""
"2;""Аброр"""
"2;""Абу"""
"2;""Абубакар"""
"2;""Абубакр"""
"2;""Абылай"""
"2;""Абылайхан"""
"2;""Аваз"""
"2;""Август"""
"2;""Августин"""
"2;""Авдей"""
"2;""Аветис"""
"2;""Авраам"""
"2;""Автандил"""
"2;""Агван"""
"2;""Агзам"""
"2;""Агил"""
"2;""Агиль"""
"2;""Адам"""
"2;""Адель"""
"2;""Адик"""
"2;""Адил"""
"2;""Адилет"""
"2;""Адиль"""
"2;""Адильбек"""
"2;""Адильжан"""
"2;""Адильхан"""
"2;""Адис"""
"2;""Адлан"""
"2;""Адлет"""
"2;""Админ"""
"2;""Адольф"""
"2;""Адриан"""
"2;""Адріан"""
"2;""Азад"""
"2;""Азам"""
"2;""Азамат"""
"2;""Азар"""
"2;""Азат"""
"2;""Азер"""
"2;""Азиз"""
"2;""Азизбек"""
"2;""Азик"""
"2;""Азим"""
"2;""Азнаур"""
"2;""Азрет"""
"2;""Ай"""
"2;""Айаал"""
"2;""Айбар"""
"2;""Айбек"""
"2;""Айбол"""
"2;""Айбулат"""
"2;""Айваз"""
"2;""Айвар"""
"2;""Айгиз"""
"2;""Айдамир"""
"2;""Айдар"""
"2;""Айдарик"""
"2;""Айдаш"""
"2;""Айдер"""
"2;""Айдос"""
"2;""Айдын"""
"2;""Айдыс"""
"2;""Айзат"""
"2;""Айк"""
"2;""Айказ"""
"2;""Айназ"""
"2;""Айнар"""
"2;""Айнур"""
"2;""Айрат"""
"2;""Айсен"""
"2;""Айтал"""
"2;""Айтуган"""
"2;""Айхан"""
"2;""Ак"""
"2;""Акакий"""
"2;""Акбар"""
"2;""Акжол"""
"2;""Аким"""
"2;""Акиф"""
"2;""Акмал"""
"2;""Акмаль"""
"2;""Акоп"""
"2;""Акрам"""
"2;""Аксель"""
"2;""Акшин"""
"2;""Акылбек"""
"2;""Ал"""
"2;""Алан"""
"2;""Алдар"""
"2;""Алдияр"""
"2;""Алег"""
"2;""Алек"""
"2;""Алекандр"""
"2;""Алекс"""
"2;""Алексадр"""
"2;""Александ"""
"2;""Александар"""
"2;""Александер"""
"2;""Александор"""
"2;""Александр"""
"2;""Александръ"""
"2;""Алексанр"""
"2;""Алексашка"""
"2;""Алексеи"""
"2;""Алексей"""
"2;""Алексий"""
"2;""Ален"""
"2;""Алена"""
"2;""Алёна"""
"2;""Алёнка"""
"2;""Алесандр"""
"2;""Алессандро"""
"2;""Алесь"""
"2;""Алеся"""
"2;""Алех"""
"2;""Алеха"""
"2;""Алёха"""
"2;""Алехандро"""
"2;""Алеша"""
"2;""Алёша"""
"2;""Алешка"""
"2;""Алёшка"""
"2;""Али"""
"2;""Алибек"""
"2;""Алиби"""
"2;""Алиев"""
"2;""Алий"""
"2;""Алик"""
"2;""Алим"""
"2;""Алимжан"""
"2;""Алимхан"""
"2;""Алина"""
"2;""Алинка"""
"2;""Алиса"""
"2;""Алихан"""
"2;""Алишер"""
"2;""Алишка"""
"2;""Алла"""
"2;""Аллан"""
"2;""Алмаз"""
"2;""Алмас"""
"2;""Алмат"""
"2;""Алтай"""
"2;""Алтынбек"""
"2;""Аль"""
"2;""Альбек"""
"2;""Альберт"""
"2;""Альбина"""
"2;""Альбус"""
"2;""Альгиз"""
"2;""Альгис"""
"2;""Альмир"""
"2;""Альоша"""
"2;""Альтаир"""
"2;""Альфа"""
"2;""Альфир"""
"2;""Альфис"""
"2;""Альфред"""
"2;""Аля"""
"2;""Амаль"""
"2;""Аман"""
"2;""Аманжол"""
"2;""Амар"""
"2;""Амаяк"""
"2;""Амгалан"""
"2;""Амет"""
"2;""Амид"""
"2;""Амил"""
"2;""Амиль"""
"2;""Амин"""
"2;""Амир"""
"2;""Амиран"""
"2;""Амирхан"""
"2;""Амрах"""
"2;""Амур"""
"2;""Ан"""
"2;""Анар"""
"2;""Анас"""
"2;""Анастас"""
"2;""Анастасия"""
"2;""Анатолий"""
"2;""Анатолій"""
"2;""Анатоль"""
"2;""Анвар"""
"2;""Анвер"""
"2;""Ангел"""
"2;""Ангелина"""
"2;""Анд"""
"2;""Анджей"""
"2;""Андо"""
"2;""Андр"""
"2;""Андрiй"""
"2;""Андраник"""
"2;""Андре"""
"2;""Андреас"""
"2;""Андреи"""
"2;""Андрей"""
"2;""Андрейка"""
"2;""Андрес"""
"2;""Андрєй"""
"2;""Андриан"""
"2;""Андрий"""
"2;""Андрик"""
"2;""Андрис"""
"2;""Андриян"""
"2;""Андріан"""
"2;""Андрій"""
"2;""Андрійко"""
"2;""Андрон"""
"2;""Андрэ"""
"2;""Андрюха"""
"2;""Андрюша"""
"2;""Андрюшка"""
"2;""Анзор"""
"2;""Анис"""
"2;""Анрей"""
"2;""Анри"""
"2;""Ансар"""
"2;""Анти"""
"2;""Антип"""
"2;""Антон"""
"2;""Антоний"""
"2;""Антонио"""
"2;""Антоха"""
"2;""Антоша"""
"2;""Антошка"""
"2;""Антуан"""
"2;""Ануар"""
"2;""Анур"""
"2;""Ара"""
"2;""Араз"""
"2;""Араик"""
"2;""Арам"""
"2;""Арамаис"""
"2;""Арарат"""
"2;""Арби"""
"2;""Арген"""
"2;""Ардак"""
"2;""Арен"""
"2;""Аржаан"""
"2;""Арзу"""
"2;""Ариан"""
"2;""Арик"""
"2;""Арина"""
"2;""Аристарх"""
"2;""Ариф"""
"2;""Аркадий"""
"2;""Аркадій"""
"2;""Аркаша"""
"2;""Арлан"""
"2;""Арман"""
"2;""Армен"""
"2;""Арни"""
"2;""Арнольд"""
"2;""Арнур"""
"2;""Арон"""
"2;""Арс"""
"2;""Арсалан"""
"2;""Арсен"""
"2;""Арсений"""
"2;""Арсентий"""
"2;""Арслан"""
"2;""Арстан"""
"2;""Арсэн"""
"2;""Арт"""
"2;""Артак"""
"2;""Арташес"""
"2;""Артем"""
"2;""Артём"""
"2;""Артемий"""
"2;""Артемка"""
"2;""Артёмка"""
"2;""Арти"""
"2;""Артик"""
"2;""Артур"""
"2;""Артурик"""
"2;""Артурка"""
"2;""Артурчик"""
"2;""Артуш"""
"2;""Артыш"""
"2;""Артьом"""
"2;""Арут"""
"2;""Арутюн"""
"2;""Архан"""
"2;""Архангел"""
"2;""Архат"""
"2;""Архип"""
"2;""Арчи"""
"2;""Арчибальд"""
"2;""Арчил"""
"2;""Аршак"""
"2;""Арыстан"""
"2;""Асад"""
"2;""Асан"""
"2;""Асет"""
"2;""Асик"""
"2;""Асим"""
"2;""Асиф"""
"2;""Аскар"""
"2;""Аскат"""
"2;""Аскер"""
"2;""Аскольд"""
"2;""Аслан"""
"2;""Асланбек"""
"2;""Астемир"""
"2;""Асхаб"""
"2;""Асхат"""
"2;""Асыл"""
"2;""Асылбек"""
"2;""Асылжан"""
"2;""Асылхан"""
"2;""Ася"""
"2;""Аташ"""
"2;""Аташка"""
"2;""Афанасий"""
"2;""Афиша"""
"2;""Афоня"""
"2;""Ахат"""
"2;""Ахмад"""
"2;""Ахмат"""
"2;""Ахмед"""
"2;""Ахмет"""
"2;""Ахрор"""
"2;""Ахтем"""
"2;""Ацамаз"""
"2;""Ашот"""
"2;""Аюб"""
"2;""Аюр"""
"2;""Аюша"""
"2;""Аяз"""
"2;""Аян"""
"2;""Аяс"""
"2;""Баатр"""
"2;""Бабек"""
"2;""Бабур"""
"2;""Бага"""
"2;""Багдан"""
"2;""Багдат"""
"2;""Баглан"""
"2;""Баграт"""
"2;""Бадма"""
"2;""Баир"""
"2;""Байрам"""
"2;""Байрас"""
"2;""Бакдаулет"""
"2;""Бакыт"""
"2;""Бакытжан"""
"2;""Бар"""
"2;""Барак"""
"2;""Барон"""
"2;""Барсик"""
"2;""Барт"""
"2;""Бато"""
"2;""Батор"""
"2;""Батраз"""
"2;""Батыр"""
"2;""Батырбек"""
"2;""Батырхан"""
"2;""Батя"""
"2;""Баур"""
"2;""Бауржан"""
"2;""Бауыржан"""
"2;""Баха"""
"2;""Бахрам"""
"2;""Бахром"""
"2;""Бахруз"""
"2;""Бахтиер"""
"2;""Бахтиёр"""
"2;""Бахтияр"""
"2;""Бахтовар"""
"2;""Бахыт"""
"2;""Бахытжан"""
"2;""Башир"""
"2;""Баясхалан"""
"2;""Бегенч"""
"2;""Без"""
"2;""Бек"""
"2;""Бека"""
"2;""Бекарыс"""
"2;""Бекболат"""
"2;""Бекжан"""
"2;""Бекзат"""
"2;""Бекзод"""
"2;""Бекир"""
"2;""Бексултан"""
"2;""Бектур"""
"2;""Бекхан"""
"2;""Белая"""
"2;""Белек"""
"2;""Белый"""
"2;""Бен"""
"2;""Бендер"""
"2;""Берик"""
"2;""Берт"""
"2;""Беслан"""
"2;""Бехруз"""
"2;""Би"""
"2;""Бик"""
"2;""Билал"""
"2;""Билл"""
"2;""Билли"""
"2;""Билял"""
"2;""Биржан"""
"2;""Бислан"""
"2;""Боб"""
"2;""Бобур"""
"2;""Бог"""
"2;""Богдан"""
"2;""Бодик"""
"2;""Бодька"""
"2;""Бодя"""
"2;""Болат"""
"2;""Борат"""
"2;""Борик"""
"2;""Борис"""
"2;""Бориска"""
"2;""Борислав"""
"2;""Борька"""
"2;""Боря"""
"2;""Борян"""
"2;""Бпан"""
"2;""Братва"""
"2;""Бронислав"""
"2;""Брюс"""
"2;""Булат"""
"2;""Буян"""
"2;""Буянто"""
"2;""Вьячеслав"""
"2;""Ва"""
"2;""Ваагн"""
"2;""Ваван"""
"2;""Ваган"""
"2;""Ваге"""
"2;""Вагиз"""
"2;""Вагиф"""
"2;""Ваграм"""
"2;""Вад"""
"2;""Вадiм"""
"2;""Вадик"""
"2;""Вадим"""
"2;""Вадимка"""
"2;""Вадік"""
"2;""Вадім"""
"2;""Вадос"""
"2;""Вадька"""
"2;""Вадюха"""
"2;""Вадя"""
"2;""Вадян"""
"2;""Ваз"""
"2;""Вазген"""
"2;""Вазир"""
"2;""Вакиль"""
"2;""Валдис"""
"2;""Валек"""
"2;""Валёк"""
"2;""Валентин"""
"2;""Валера"""
"2;""Валериан"""
"2;""Валерий"""
"2;""Валерик"""
"2;""Валерій"""
"2;""Валерка"""
"2;""Валерон"""
"2;""Валерчик"""
"2;""Валерьян"""
"2;""Валех"""
"2;""Валєра"""
"2;""Валид"""
"2;""Валик"""
"2;""Валихан"""
"2;""Валік"""
"2;""Валодя"""
"2;""Вальдемар"""
"2;""Вальтер"""
"2;""Валя"""
"2;""Ван"""
"2;""Ванек"""
"2;""Ванёк"""
"2;""Ванес"""
"2;""Ванечка"""
"2;""Ваник"""
"2;""Вано"""
"2;""Ванчик"""
"2;""Ванька"""
"2;""Ванько"""
"2;""Ваньок"""
"2;""Ванюха"""
"2;""Ванюша"""
"2;""Ванюшка"""
"2;""Ваня"""
"2;""Вардан"""
"2;""Варис"""
"2;""Вартан"""
"2;""Варфоломей"""
"2;""Васек"""
"2;""Васёк"""
"2;""Васил"""
"2;""Василий"""
"2;""Василиса"""
"2;""Василь"""
"2;""Васильев"""
"2;""Васиф"""
"2;""Васька"""
"2;""Васьок"""
"2;""Вася"""
"2;""Васян"""
"2;""Ваха"""
"2;""Вахид"""
"2;""Вахит"""
"2;""Вахтанг"""
"2;""Вацлав"""
"2;""Вачик"""
"2;""Ваш"""
"2;""Великий"""
"2;""Венер"""
"2;""Вениамин"""
"2;""Венцеслав"""
"2;""Веня"""
"2;""Вепа"""
"2;""Вера"""
"2;""Ветал"""
"2;""Веталик"""
"2;""Веталь"""
"2;""Веталя"""
"2;""Ветер"""
"2;""Вечеслав"""
"2;""Вєталь"""
"2;""Виген"""
"2;""Вик"""
"2;""Вика"""
"2;""Викентий"""
"2;""Виктор"""
"2;""Виктория"""
"2;""Вилен"""
"2;""Вилли"""
"2;""Виль"""
"2;""Вильгельм"""
"2;""Вильдан"""
"2;""Вильмир"""
"2;""Вильнар"""
"2;""Вильнур"""
"2;""Вильсур"""
"2;""Вильям"""
"2;""Вилюр"""
"2;""Вин"""
"2;""Винер"""
"2;""Винни"""
"2;""Винсент"""
"2;""Виссарион"""
"2;""Вит"""
"2;""Витал"""
"2;""Виталёк"""
"2;""Виталий"""
"2;""Виталик"""
"2;""Виталь"""
"2;""Виталька"""
"2;""Виталя"""
"2;""Витас"""
"2;""Витаха"""
"2;""Витек"""
"2;""Витёк"""
"2;""Вито"""
"2;""Витос"""
"2;""Витька"""
"2;""Витьок"""
"2;""Витюня"""
"2;""Витюха"""
"2;""Витюша"""
"2;""Витюшка"""
"2;""Витя"""
"2;""Витяй"""
"2;""Витян"""
"2;""Витяня"""
"2;""Віктор"""
"2;""Віталій"""
"2;""Віталік"""
"2;""Віталька"""
"2;""Віталя"""
"2;""Вітьок"""
"2;""Вітя"""
"2;""Влад"""
"2;""Влади"""
"2;""Владик"""
"2;""Владилен"""
"2;""Владимер"""
"2;""Владимир"""
"2;""Владимр"""
"2;""Владислав"""
"2;""Владік"""
"2;""Владлен"""
"2;""Владос"""
"2;""Владька"""
"2;""Владюха"""
"2;""Владя"""
"2;""Владян"""
"2;""Влас"""
"2;""Вова"""
"2;""Вован"""
"2;""Вованчик"""
"2;""Вовик"""
"2;""Вовік"""
"2;""Вовка"""
"2;""Вовочка"""
"2;""Вовчик"""
"2;""Володимир"""
"2;""Володька"""
"2;""Володя"""
"2;""Вольдемар"""
"2;""Вор"""
"2;""Вормикс"""
"2;""Вормікс"""
"2;""Вофка"""
"2;""Воха"""
"2;""Вреж"""
"2;""Всеволод"""
"2;""Всеслав"""
"2;""Вугар"""
"2;""Вусал"""
"2;""Вюсал"""
"2;""Вячеслав"""
"2;""Гаара"""
"2;""Габит"""
"2;""Габриэль"""
"2;""Гавриил"""
"2;""Гаврил"""
"2;""Гагик"""
"2;""Гадель"""
"2;""Гаджи"""
"2;""Гаджимурад"""
"2;""Газиз"""
"2;""Газим"""
"2;""Газинур"""
"2;""Гай"""
"2;""Гайдар"""
"2;""Гайк"""
"2;""Гайрат"""
"2;""Гайса"""
"2;""Гали"""
"2;""Галиб"""
"2;""Галим"""
"2;""Галина"""
"2;""Галинур"""
"2;""Галым"""
"2;""Галымжан"""
"2;""Гамзат"""
"2;""Гамид"""
"2;""Гамлет"""
"2;""Гани"""
"2;""Ганс"""
"2;""Гари"""
"2;""Гарик"""
"2;""Гарник"""
"2;""Гарри"""
"2;""Гасан"""
"2;""Гафур"""
"2;""Гаяз"""
"2;""Геворг"""
"2;""Геворк"""
"2;""Гегам"""
"2;""Гела"""
"2;""Гена"""
"2;""Генадий"""
"2;""Генерал"""
"2;""Генка"""
"2;""Геннадий"""
"2;""Геннадій"""
"2;""Генри"""
"2;""Генрик"""
"2;""Генрих"""
"2;""Генчик"""
"2;""Геор"""
"2;""Георг"""
"2;""Георгий"""
"2;""Георгій"""
"2;""Гера"""
"2;""Герасим"""
"2;""Герман"""
"2;""Герыч"""
"2;""Геша"""
"2;""Гиви"""
"2;""Гиорги"""
"2;""Гиоргий"""
"2;""Гия"""
"2;""Глеб"""
"2;""Гога"""
"2;""Гоги"""
"2;""Гомер"""
"2;""Гор"""
"2;""Гордей"""
"2;""Гордон"""
"2;""Город"""
"2;""Господин"""
"2;""Гоха"""
"2;""Гоча"""
"2;""Гоша"""
"2;""Гошан"""
"2;""Гошка"""
"2;""Грант"""
"2;""Грачик"""
"2;""Грей"""
"2;""Григор"""
"2;""Григорий"""
"2;""Григорій"""
"2;""Гриня"""
"2;""Гриха"""
"2;""Гриша"""
"2;""Гришаня"""
"2;""Гришка"""
"2;""Гріша"""
"2;""Гуванч"""
"2;""Гумар"""
"2;""Гурам"""
"2;""Гурбан"""
"2;""Гурген"""
"2;""Гусейн"""
"2;""Гусь"""
"2;""Гэсэр"""
"2;""Дiма"""
"2;""Да"""
"2;""Давид"""
"2;""Давід"""
"2;""Давлат"""
"2;""Давлет"""
"2;""Даврон"""
"2;""Давуд"""
"2;""Давыд"""
"2;""Далгат"""
"2;""Далер"""
"2;""Дамдин"""
"2;""Дамир"""
"2;""Дамирка"""
"2;""Дан"""
"2;""Данат"""
"2;""Данек"""
"2;""Данёк"""
"2;""Данзан"""
"2;""Дани"""
"2;""Даниел"""
"2;""Даниель"""
"2;""Даниил"""
"2;""Даник"""
"2;""Данил"""
"2;""Данила"""
"2;""Данилка"""
"2;""Данило"""
"2;""Даниль"""
"2;""Данир"""
"2;""Данис"""
"2;""Данич"""
"2;""Даниэл"""
"2;""Даниэль"""
"2;""Даниял"""
"2;""Данияр"""
"2;""Данте"""
"2;""Данчик"""
"2;""Данька"""
"2;""Даня"""
"2;""Дарий"""
"2;""Дарик"""
"2;""Дарт"""
"2;""Дархан"""
"2;""Дарын"""
"2;""Дарья"""
"2;""Дастан"""
"2;""Дато"""
"2;""Дауд"""
"2;""Даулет"""
"2;""Даур"""
"2;""Даурен"""
"2;""Даут"""
"2;""Даша"""
"2;""Даши"""
"2;""Даян"""
"2;""Девид"""
"2;""Дейдара"""
"2;""Деймон"""
"2;""Дёма"""
"2;""Демид"""
"2;""Демис"""
"2;""Демьян"""
"2;""Ден"""
"2;""Дени"""
"2;""Деник"""
"2;""Денис"""
"2;""Дениска"""
"2;""Денислам"""
"2;""Денчик"""
"2;""Денька"""
"2;""Деня"""
"2;""Дёня"""
"2;""Дєня"""
"2;""Джабраил"""
"2;""Джавад"""
"2;""Джавид"""
"2;""Джалал"""
"2;""Джалил"""
"2;""Джалиль"""
"2;""Джамал"""
"2;""Джамбулат"""
"2;""Джамиль"""
"2;""Джамшед"""
"2;""Джан"""
"2;""Джангар"""
"2;""Джастин"""
"2;""Джасур"""
"2;""Джафар"""
"2;""Джахонгир"""
"2;""Джей"""
"2;""Джейк"""
"2;""Джеймс"""
"2;""Джейсон"""
"2;""Джейхун"""
"2;""Джек"""
"2;""Джеки"""
"2;""Джексон"""
"2;""Джефф"""
"2;""Джим"""
"2;""Джимми"""
"2;""Джо"""
"2;""Джозеф"""
"2;""Джон"""
"2;""Джонатан"""
"2;""Джони"""
"2;""Джоник"""
"2;""Джонни"""
"2;""Джордж"""
"2;""Ди"""
"2;""Диас"""
"2;""Дидар"""
"2;""Диего"""
"2;""Диловар"""
"2;""Дилшод"""
"2;""Дильшат"""
"2;""Дильшод"""
"2;""Дилюс"""
"2;""Дилявер"""
"2;""Дим"""
"2;""Дима"""
"2;""Диман"""
"2;""Димарик"""
"2;""Димас"""
"2;""Димасик"""
"2;""Димастый"""
"2;""Димася"""
"2;""Димаш"""
"2;""Димитрий"""
"2;""Димка"""
"2;""Димко"""
"2;""Димок"""
"2;""Димон"""
"2;""Димончик"""
"2;""Димочка"""
"2;""Димулька"""
"2;""Димуля"""
"2;""Димчик"""
"2;""Димыч"""
"2;""Димьян"""
"2;""Дин"""
"2;""Динар"""
"2;""Динис"""
"2;""Динислам"""
"2;""Динмухамед"""
"2;""Диня"""
"2;""Дионис"""
"2;""Дионисий"""
"2;""Диса"""
"2;""Дияз"""
"2;""Дияр"""
"2;""Діма"""
"2;""Дімка"""
"2;""Дімон"""
"2;""Дініс"""
"2;""Дмитрии"""
"2;""Дмитрий"""
"2;""Дмитрій"""
"2;""Дмитро"""
"2;""Добрыня"""
"2;""Довлет"""
"2;""Довран"""
"2;""Доминик"""
"2;""Дон"""
"2;""Донат"""
"2;""Доржи"""
"2;""Доржо"""
"2;""Дориан"""
"2;""Досжан"""
"2;""Доска"""
"2;""Драко"""
"2;""Дрон"""
"2;""Друг"""
"2;""Дрюня"""
"2;""Дугар"""
"2;""Дулат"""
"2;""Думан"""
"2;""Дьулус"""
"2;""Дьулустан"""
"2;""Дэвид"""
"2;""Дэймон"""
"2;""Дэн"""
"2;""Дэни"""
"2;""Дэнис"""
"2;""Дэнчик"""
"2;""Дюха"""
"2;""Дюша"""
"2;""Евген"""
"2;""Евгении"""
"2;""Евгений"""
"2;""Евгения"""
"2;""Евгеша"""
"2;""Евгешка"""
"2;""Евдоким"""
"2;""Евлампий"""
"2;""Евпатий"""
"2;""Егор"""
"2;""Егорик"""
"2;""Егорка"""
"2;""Егорчик"""
"2;""Едвард"""
"2;""Едик"""
"2;""Едік"""
"2;""Едуард"""
"2;""Еламан"""
"2;""Елдар"""
"2;""Елдос"""
"2;""Елена"""
"2;""Елжас"""
"2;""Елизар"""
"2;""Елисей"""
"2;""Ельдар"""
"2;""Емельян"""
"2;""Ерасыл"""
"2;""Ербол"""
"2;""Ерболат"""
"2;""Ерванд"""
"2;""Ерден"""
"2;""Ердос"""
"2;""Еремей"""
"2;""Ержан"""
"2;""Ерик"""
"2;""Ерік"""
"2;""Ерканат"""
"2;""Еркебулан"""
"2;""Еркен"""
"2;""Еркин"""
"2;""Ерлан"""
"2;""Ермак"""
"2;""Ермек"""
"2;""Ернар"""
"2;""Ернат"""
"2;""Ернур"""
"2;""Ерсултан"""
"2;""Есен"""
"2;""Ефим"""
"2;""Ефрем"""
"2;""Євген"""
"2;""Євгений"""
"2;""Євгеній"""
"2;""Єгор"""
"2;""Жак"""
"2;""Жаксылык"""
"2;""Жалгас"""
"2;""Жамбыл"""
"2;""Жамиль"""
"2;""Жан"""
"2;""Жанат"""
"2;""Жанболат"""
"2;""Жандос"""
"2;""Жанибек"""
"2;""Жаник"""
"2;""Жанна"""
"2;""Жансерик"""
"2;""Жарас"""
"2;""Жаргал"""
"2;""Жаркое"""
"2;""Жаслан"""
"2;""Жасулан"""
"2;""Жасур"""
"2;""Жахонгир"""
"2;""Же"""
"2;""Жека"""
"2;""Жекан"""
"2;""Жендос"""
"2;""Женек"""
"2;""Женёк"""
"2;""Женечка"""
"2;""Женик"""
"2;""Женис"""
"2;""Жентос"""
"2;""Женька"""
"2;""Женько"""
"2;""Женьок"""
"2;""Женя"""
"2;""Жеха"""
"2;""Жизнь"""
"2;""Жомарт"""
"2;""Жора"""
"2;""Жорж"""
"2;""Жорик"""
"2;""Жэка"""
"2;""За"""
"2;""Забир"""
"2;""Завен"""
"2;""Загир"""
"2;""Загит"""
"2;""Задрот"""
"2;""Заза"""
"2;""Заир"""
"2;""Зайчег"""
"2;""Зак"""
"2;""Закир"""
"2;""Залим"""
"2;""Залимхан"""
"2;""Замир"""
"2;""Зариф"""
"2;""Заур"""
"2;""Заурбек"""
"2;""Зафар"""
"2;""Захар"""
"2;""Захид"""
"2;""Зелим"""
"2;""Зелимхан"""
"2;""Земфир"""
"2;""Зеник"""
"2;""Зигмунд"""
"2;""Зиннур"""
"2;""Зинур"""
"2;""Зинфир"""
"2;""Зия"""
"2;""Зоригто"""
"2;""Зорик"""
"2;""Зорикто"""
"2;""Зульфат"""
"2;""Зураб"""
"2;""Зуфар"""
"2;""Ибрагим"""
"2;""Ибраим"""
"2;""Ибрахим"""
"2;""Иван"""
"2;""Иванов"""
"2;""Ивашка"""
"2;""Игарь"""
"2;""Игнат"""
"2;""Игнатий"""
"2;""Игор"""
"2;""Игорек"""
"2;""Игорёк"""
"2;""Игореха"""
"2;""Игорёха"""
"2;""Игорёша"""
"2;""Игорёшка"""
"2;""Игорь"""
"2;""Игорюха"""
"2;""Игорян"""
"2;""Играю"""
"2;""Игрок"""
"2;""Идель"""
"2;""Идрис"""
"2;""Йен"""
"2;""Иззат"""
"2;""Измаил"""
"2;""Изя"""
"2;""Иисус"""
"2;""Икрам"""
"2;""Икром"""
"2;""Ил"""
"2;""Иларион"""
"2;""Илгар"""
"2;""Илгиз"""
"2;""Илдар"""
"2;""Илдус"""
"2;""Илез"""
"2;""Илия"""
"2;""Илкин"""
"2;""Илларион"""
"2;""Илля"""
"2;""Илназ"""
"2;""Илнар"""
"2;""Илнур"""
"2;""Илона"""
"2;""Илсур"""
"2;""Илфат"""
"2;""Илхам"""
"2;""Илхом"""
"2;""Илшат"""
"2;""Ильвер"""
"2;""Ильвир"""
"2;""Ильгам"""
"2;""Ильгар"""
"2;""Ильгиз"""
"2;""Ильгизар"""
"2;""Ильдан"""
"2;""Ильдар"""
"2;""Ильдарик"""
"2;""Ильдус"""
"2;""Ильич"""
"2;""Илькин"""
"2;""Ильмар"""
"2;""Ильмас"""
"2;""Ильмир"""
"2;""Ильназ"""
"2;""Ильнар"""
"2;""Ильнур"""
"2;""Ильсаф"""
"2;""Ильсур"""
"2;""Ильфак"""
"2;""Ильфар"""
"2;""Ильфат"""
"2;""Ильфир"""
"2;""Ильхам"""
"2;""Ильхом"""
"2;""Ильшат"""
"2;""Ильюха"""
"2;""Ильюша"""
"2;""Ильюшка"""
"2;""Илья"""
"2;""Ильяз"""
"2;""Ильяр"""
"2;""Ильяс"""
"2;""Илюс"""
"2;""Илюха"""
"2;""Илюша"""
"2;""Илюшка"""
"2;""Иля"""
"2;""Имам"""
"2;""Иман"""
"2;""Имиль"""
"2;""Имран"""
"2;""Инал"""
"2;""Ингвар"""
"2;""Инзиль"""
"2;""Инна"""
"2;""Иннокентий"""
"2;""Инокентий"""
"2;""Инсаф"""
"2;""Интигам"""
"2;""Иоан"""
"2;""Иоанн"""
"2;""Ион"""
"2;""Йосип"""
"2;""Иосиф"""
"2;""Ипполит"""
"2;""Иракли"""
"2;""Ираклий"""
"2;""Ирек"""
"2;""Ирик"""
"2;""Иршат"""
"2;""Иса"""
"2;""Исаак"""
"2;""Искандар"""
"2;""Искандер"""
"2;""Ислам"""
"2;""Исламбек"""
"2;""Ислом"""
"2;""Ислям"""
"2;""Исмаил"""
"2;""Исмат"""
"2;""Исмет"""
"2;""Итачи"""
"2;""Ичиго"""
"2;""Ишхан"""
"2;""Ищу"""
"2;""Іван"""
"2;""Ігор"""
"2;""Ігорь"""
"2;""Ілля"""
"2;""Ілюха"""
"2;""Ілюша"""
"2;""Кавказ"""
"2;""Кадир"""
"2;""Кадыр"""
"2;""Казбек"""
"2;""Казим"""
"2;""Казимир"""
"2;""Кай"""
"2;""Каир"""
"2;""Кайрат"""
"2;""Кайсар"""
"2;""Как"""
"2;""Какаши"""
"2;""Калян"""
"2;""Камал"""
"2;""Камил"""
"2;""Камиль"""
"2;""Камо"""
"2;""Камол"""
"2;""Камран"""
"2;""Канан"""
"2;""Канат"""
"2;""Кантемир"""
"2;""Карен"""
"2;""Карим"""
"2;""Карина"""
"2;""Карл"""
"2;""Карлен"""
"2;""Карлос"""
"2;""Каро"""
"2;""Карэн"""
"2;""Касим"""
"2;""Кастян"""
"2;""Касым"""
"2;""Каха"""
"2;""Кевин"""
"2;""Кежик"""
"2;""Кекс"""
"2;""Кемал"""
"2;""Кемран"""
"2;""Кенан"""
"2;""Кенни"""
"2;""Кент"""
"2;""Керим"""
"2;""Керя"""
"2;""Кеша"""
"2;""Кик"""
"2;""Ким"""
"2;""Кир"""
"2;""Кира"""
"2;""Кирик"""
"2;""Кирил"""
"2;""Кирилл"""
"2;""Кирсан"""
"2;""Кирьян"""
"2;""Кирюха"""
"2;""Кирюша"""
"2;""Кирюшка"""
"2;""Киря"""
"2;""Кит"""
"2;""Кіріл"""
"2;""Кларк"""
"2;""Клаус"""
"2;""Клим"""
"2;""Климентий"""
"2;""Клондайк"""
"2;""Клуб"""
"2;""Князь"""
"2;""Коба"""
"2;""Колек"""
"2;""Колёк"""
"2;""Колька"""
"2;""Колюня"""
"2;""Коля"""
"2;""Колямба"""
"2;""Колян"""
"2;""Колянчик"""
"2;""Коляныч"""
"2;""Колясик"""
"2;""Комрон"""
"2;""Кондрат"""
"2;""Константин"""
"2;""Кореш"""
"2;""Корней"""
"2;""Кос"""
"2;""Космос"""
"2;""Костантин"""
"2;""Костик"""
"2;""Костя"""
"2;""Костян"""
"2;""Костянтин"""
"2;""Крис"""
"2;""Кристиан"""
"2;""Кристофер"""
"2;""Крит"""
"2;""Куандык"""
"2;""Куаныш"""
"2;""Куат"""
"2;""Кузьма"""
"2;""Кузя"""
"2;""Курбан"""
"2;""Курт"""
"2;""Кямран"""
"2;""Лавр"""
"2;""Лаврентий"""
"2;""Лазарь"""
"2;""Ларик"""
"2;""Лариса"""
"2;""Лаша"""
"2;""Лев"""
"2;""Лева"""
"2;""Лёва"""
"2;""Леван"""
"2;""Левон"""
"2;""Лёвчик"""
"2;""Лекс"""
"2;""Лексей"""
"2;""Лелик"""
"2;""Лёлик"""
"2;""Ленар"""
"2;""Ленур"""
"2;""Ленчик"""
"2;""Лёнчик"""
"2;""Лёнька"""
"2;""Лёньчик"""
"2;""Леня"""
"2;""Лёня"""
"2;""Лео"""
"2;""Леон"""
"2;""Леонард"""
"2;""Леонардо"""
"2;""Леонид"""
"2;""Леонід"""
"2;""Леонтий"""
"2;""Леопольд"""
"2;""Лесик"""
"2;""Леся"""
"2;""Леха"""
"2;""Лёха"""
"2;""Леша"""
"2;""Лёша"""
"2;""Лешик"""
"2;""Лёшик"""
"2;""Лешка"""
"2;""Лёшка"""
"2;""Линар"""
"2;""Линур"""
"2;""Лион"""
"2;""Лионель"""
"2;""Лол"""
"2;""Луи"""
"2;""Луис"""
"2;""Лука"""
"2;""Льоня"""
"2;""Льоха"""
"2;""Льоша"""
"2;""Любомир"""
"2;""Любчик"""
"2;""Людвиг"""
"2;""Людмила"""
"2;""Люк"""
"2;""Люцифер"""
"2;""Мiша"""
"2;""Мага"""
"2;""Магамед"""
"2;""Магжан"""
"2;""Магомед"""
"2;""Мадара"""
"2;""Мади"""
"2;""Мадияр"""
"2;""Май"""
"2;""Майк"""
"2;""Майкл"""
"2;""Маис"""
"2;""Мак"""
"2;""Макар"""
"2;""Макс"""
"2;""Макса"""
"2;""Максат"""
"2;""Макси"""
"2;""Максик"""
"2;""Максим"""
"2;""Максимилиан"""
"2;""Максимильян"""
"2;""Максимка"""
"2;""Максимус"""
"2;""Максім"""
"2;""Максон"""
"2;""Максуд"""
"2;""Максут"""
"2;""Малик"""
"2;""Мамед"""
"2;""Мамука"""
"2;""Манас"""
"2;""Манвел"""
"2;""Мансур"""
"2;""Манук"""
"2;""Манучехр"""
"2;""Марьян"""
"2;""Марат"""
"2;""Маратик"""
"2;""Маргулан"""
"2;""Марек"""
"2;""Марик"""
"2;""Марин"""
"2;""Марио"""
"2;""Марис"""
"2;""Марік"""
"2;""Марк"""
"2;""Маркел"""
"2;""Маркіян"""
"2;""Марко"""
"2;""Маркус"""
"2;""Марлен"""
"2;""Марс"""
"2;""Марсель"""
"2;""Марсик"""
"2;""Марсэль"""
"2;""Мартин"""
"2;""Мартын"""
"2;""Маруф"""
"2;""Марьян"""
"2;""Марян"""
"2;""Масик"""
"2;""Мася"""
"2;""Матвей"""
"2;""Мах"""
"2;""Махамбет"""
"2;""Махач"""
"2;""Махир"""
"2;""Махмуд"""
"2;""Мгер"""
"2;""Медет"""
"2;""Мейлис"""
"2;""Мейрам"""
"2;""Мейрамбек"""
"2;""Мейржан"""
"2;""Мекан"""
"2;""Мелик"""
"2;""Менги"""
"2;""Меня"""
"2;""Мераб"""
"2;""Мерген"""
"2;""Мердан"""
"2;""Мерей"""
"2;""Мефодий"""
"2;""Мехман"""
"2;""Мехти"""
"2;""Мигель"""
"2;""Мика"""
"2;""Микаел"""
"2;""Микаил"""
"2;""Микаэл"""
"2;""Микаэль"""
"2;""Мики"""
"2;""Микита"""
"2;""Микки"""
"2;""Микола"""
"2;""Мила"""
"2;""Милан"""
"2;""Милош"""
"2;""Милый"""
"2;""Минато"""
"2;""Мингиян"""
"2;""Мир"""
"2;""Мира"""
"2;""Мирас"""
"2;""Мират"""
"2;""Мирза"""
"2;""Мирлан"""
"2;""Мирон"""
"2;""Мирослав"""
"2;""Митрий"""
"2;""Митрофан"""
"2;""Митька"""
"2;""Митя"""
"2;""Митяй"""
"2;""Миха"""
"2;""Михаил"""
"2;""Михайл"""
"2;""Михайло"""
"2;""Михал"""
"2;""Михалыч"""
"2;""Михан"""
"2;""Михась"""
"2;""Михаэль"""
"2;""Михей"""
"2;""Михон"""
"2;""Мичил"""
"2;""Миша"""
"2;""Мишан"""
"2;""Мишанька"""
"2;""Мишаня"""
"2;""Мишель"""
"2;""Мишка"""
"2;""Мишко"""
"2;""Мишутка"""
"2;""Міха"""
"2;""Міша"""
"2;""Мішаня"""
"2;""Мішка"""
"2;""Мовсар"""
"2;""Модест"""
"2;""Моисей"""
"2;""Морис"""
"2;""Мотя"""
"2;""Мохамед"""
"2;""Мохаммед"""
"2;""Мстислав"""
"2;""Музаффар"""
"2;""Мунир"""
"2;""Мунко"""
"2;""Мурад"""
"2;""Мурат"""
"2;""Мурик"""
"2;""Муса"""
"2;""Муслим"""
"2;""Мустафа"""
"2;""Муха"""
"2;""Мухамад"""
"2;""Мухамед"""
"2;""Мухаммад"""
"2;""Мухаммед"""
"2;""Мухаммет"""
"2;""Мухтар"""
"2;""Наби"""
"2;""Навруз"""
"2;""Надим"""
"2;""Надир"""
"2;""Надыр"""
"2;""Надя"""
"2;""Назар"""
"2;""Назарий"""
"2;""Назарій"""
"2;""Назим"""
"2;""Назир"""
"2;""Назік"""
"2;""Найк"""
"2;""Наил"""
"2;""Наиль"""
"2;""Наим"""
"2;""Намиг"""
"2;""Намик"""
"2;""Наран"""
"2;""Нарек"""
"2;""Нариман"""
"2;""Насим"""
"2;""Натан"""
"2;""Наташа"""
"2;""Натиг"""
"2;""Натик"""
"2;""Наум"""
"2;""Наурыз"""
"2;""Нафис"""
"2;""Нацу"""
"2;""Начын"""
"2;""Нвер"""
"2;""Некет"""
"2;""Некит"""
"2;""Некита"""
"2;""Нестор"""
"2;""Ниджат"""
"2;""Низам"""
"2;""Низами"""
"2;""Ник"""
"2;""Никалай"""
"2;""Ники"""
"2;""Никит"""
"2;""Никита"""
"2;""Никитка"""
"2;""Никитос"""
"2;""Никифор"""
"2;""Никич"""
"2;""Нико"""
"2;""Никодим"""
"2;""Никола"""
"2;""Николаи"""
"2;""Николай"""
"2;""Николас"""
"2;""Николя"""
"2;""Никон"""
"2;""Никос"""
"2;""Нил"""
"2;""Нияз"""
"2;""Нікіта"""
"2;""Новруз"""
"2;""Нодар"""
"2;""Нодир"""
"2;""Норайр"""
"2;""Норик"""
"2;""Нур"""
"2;""Нурали"""
"2;""Нурбек"""
"2;""Нурбол"""
"2;""Нурболат"""
"2;""Нургали"""
"2;""Нургиз"""
"2;""Нурдаулет"""
"2;""Нуржан"""
"2;""Нуриддин"""
"2;""Нурик"""
"2;""Нурислам"""
"2;""Нуркен"""
"2;""Нурлан"""
"2;""Нурлыбек"""
"2;""Нурсултан"""
"2;""Нуртас"""
"2;""Нурхан"""
"2;""Нуршат"""
"2;""Ньургун"""
"2;""Нюргун"""
"2;""Ованес"""
"2;""Овик"""
"2;""Овсеп"""
"2;""Оганес"""
"2;""Оганнес"""
"2;""Одиссей"""
"2;""Ойбек"""
"2;""Октай"""
"2;""Олег"""
"2;""Олега"""
"2;""Олежа"""
"2;""Олежек"""
"2;""Олежик"""
"2;""Олежка"""
"2;""Олександер"""
"2;""Олександр"""
"2;""Олексей"""
"2;""Олексій"""
"2;""Олесь"""
"2;""Олжас"""
"2;""Оливер"""
"2;""Омак"""
"2;""Омар"""
"2;""Орест"""
"2;""Орлан"""
"2;""Орхан"""
"2;""Осип"""
"2;""Оскар"""
"2;""Осман"""
"2;""Остап"""
"2;""Отабек"""
"2;""Отар"""
"2;""Отто"""
"2;""Очир"""
"2;""Пабло"""
"2;""Павел"""
"2;""Павлентий"""
"2;""Павлик"""
"2;""Павлік"""
"2;""Павло"""
"2;""Павлуха"""
"2;""Павлуша"""
"2;""Павлушка"""
"2;""Пал"""
"2;""Пан"""
"2;""Панда"""
"2;""Паня"""
"2;""Парвиз"""
"2;""Парвин"""
"2;""Патрик"""
"2;""Пауль"""
"2;""Паха"""
"2;""Пахан"""
"2;""Паша"""
"2;""Пашик"""
"2;""Пашка"""
"2;""Пашко"""
"2;""Пашок"""
"2;""Паштет"""
"2;""Пейн"""
"2;""Петр"""
"2;""Пётр"""
"2;""Петрик"""
"2;""Петро"""
"2;""Петрос"""
"2;""Петруха"""
"2;""Петька"""
"2;""Петюня"""
"2;""Петя"""
"2;""Пєтя"""
"2;""Пит"""
"2;""Питер"""
"2;""Платон"""
"2;""Пол"""
"2;""Полад"""
"2;""Полиграф"""
"2;""Поликарп"""
"2;""Портал"""
"2;""Потап"""
"2;""Прокопий"""
"2;""Прохор"""
"2;""Псих"""
"2;""Пьер"""
"2;""Раван"""
"2;""Равиль"""
"2;""Равшан"""
"2;""Рагим"""
"2;""Радель"""
"2;""Радж"""
"2;""Раджаб"""
"2;""Радий"""
"2;""Радик"""
"2;""Радим"""
"2;""Радимир"""
"2;""Радион"""
"2;""Радис"""
"2;""Радислав"""
"2;""Радиф"""
"2;""Радмил"""
"2;""Радмир"""
"2;""Радомир"""
"2;""Разил"""
"2;""Разиль"""
"2;""Разим"""
"2;""Разиф"""
"2;""Размик"""
"2;""Раил"""
"2;""Раиль"""
"2;""Раймонд"""
"2;""Райнур"""
"2;""Раис"""
"2;""Раиф"""
"2;""Райымбек"""
"2;""Ралиф"""
"2;""Рамаз"""
"2;""Рамазан"""
"2;""Рамал"""
"2;""Раман"""
"2;""Рамзан"""
"2;""Рамзес"""
"2;""Рамзиль"""
"2;""Рамзис"""
"2;""Рамиз"""
"2;""Рамил"""
"2;""Рамиль"""
"2;""Рамин"""
"2;""Рамир"""
"2;""Рамис"""
"2;""Рамон"""
"2;""Ранель"""
"2;""Ранил"""
"2;""Раниль"""
"2;""Ранис"""
"2;""Раниф"""
"2;""Расиль"""
"2;""Расим"""
"2;""Расих"""
"2;""Расул"""
"2;""Расуль"""
"2;""Ратибор"""
"2;""Ратмир"""
"2;""Рауан"""
"2;""Рауль"""
"2;""Рауф"""
"2;""Раушан"""
"2;""Раф"""
"2;""Рафа"""
"2;""Рафаель"""
"2;""Рафаил"""
"2;""Рафаиль"""
"2;""Рафаэль"""
"2;""Рафик"""
"2;""Рафиль"""
"2;""Рафис"""
"2;""Рафит"""
"2;""Рафкат"""
"2;""Рахат"""
"2;""Рахим"""
"2;""Рахман"""
"2;""Рашад"""
"2;""Рашат"""
"2;""Рашид"""
"2;""Рашит"""
"2;""Раян"""
"2;""Реваз"""
"2;""Реваль"""
"2;""Редик"""
"2;""Рей"""
"2;""Рем"""
"2;""Реналь"""
"2;""Ренат"""
"2;""Рефат"""
"2;""Решат"""
"2;""Риваль"""
"2;""Ридаль"""
"2;""Ридван"""
"2;""Риза"""
"2;""Ризван"""
"2;""Рик"""
"2;""Рим"""
"2;""Рин"""
"2;""Риназ"""
"2;""Риналь"""
"2;""Ринар"""
"2;""Ринас"""
"2;""Ринат"""
"2;""Ринчин"""
"2;""Рита"""
"2;""Риф"""
"2;""Рифат"""
"2;""Рифкат"""
"2;""Рифнур"""
"2;""Рихард"""
"2;""Ричард"""
"2;""Ришад"""
"2;""Ришат"""
"2;""Рияз"""
"2;""Роберт"""
"2;""Роберто"""
"2;""Робин"""
"2;""Ровшан"""
"2;""Роджер"""
"2;""Родик"""
"2;""Родион"""
"2;""Родя"""
"2;""Рой"""
"2;""Рок"""
"2;""Ролан"""
"2;""Роланд"""
"2;""Ром"""
"2;""Рома"""
"2;""Роман"""
"2;""Ромарио"""
"2;""Ромаха"""
"2;""Ромео"""
"2;""Ромик"""
"2;""Ромич"""
"2;""Ромка"""
"2;""Ромко"""
"2;""Ромочка"""
"2;""Ромчик"""
"2;""Ромыч"""
"2;""Рон"""
"2;""Рональд"""
"2;""Рост"""
"2;""Ростик"""
"2;""Ростислав"""
"2;""Ростік"""
"2;""Роял"""
"2;""Рубен"""
"2;""Рубин"""
"2;""Рувим"""
"2;""Рудик"""
"2;""Рудольф"""
"2;""Рузаль"""
"2;""Рузель"""
"2;""Рузиль"""
"2;""Руля"""
"2;""Румиль"""
"2;""Рунар"""
"2;""Рус"""
"2;""Русел"""
"2;""Русик"""
"2;""Руслан"""
"2;""Русланчик"""
"2;""Руслик"""
"2;""Руст"""
"2;""Рустам"""
"2;""Рустамчик"""
"2;""Рустем"""
"2;""Рустик"""
"2;""Рустэм"""
"2;""Рустям"""
"2;""Руська"""
"2;""Руся"""
"2;""Руфат"""
"2;""Рушан"""
"2;""Рушат"""
"2;""Рэм"""
"2;""Сабир"""
"2;""Сабит"""
"2;""Сабухи"""
"2;""Сабыржан"""
"2;""Сава"""
"2;""Савва"""
"2;""Савелий"""
"2;""Савр"""
"2;""Сагит"""
"2;""Садам"""
"2;""Саддам"""
"2;""Саид"""
"2;""Сайдаш"""
"2;""Саймон"""
"2;""Саит"""
"2;""Сакен"""
"2;""Салават"""
"2;""Салам"""
"2;""Саламат"""
"2;""Салех"""
"2;""Салим"""
"2;""Салих"""
"2;""Салман"""
"2;""Сам"""
"2;""Самат"""
"2;""Самвел"""
"2;""Самед"""
"2;""Самид"""
"2;""Самир"""
"2;""Самрат"""
"2;""Самсон"""
"2;""Самуил"""
"2;""Сан"""
"2;""Сана"""
"2;""Санал"""
"2;""Санан"""
"2;""Санат"""
"2;""Сандро"""
"2;""Санек"""
"2;""Санёк"""
"2;""Санечек"""
"2;""Санёчек"""
"2;""Санечка"""
"2;""Санжар"""
"2;""Санта"""
"2;""Сантьяго"""
"2;""Санчез"""
"2;""Санчес"""
"2;""Санчо"""
"2;""Саныч"""
"2;""Санька"""
"2;""Саньок"""
"2;""Саня"""
"2;""Сапар"""
"2;""Сарвар"""
"2;""Саргис"""
"2;""Сардар"""
"2;""Сардор"""
"2;""Саркис"""
"2;""Сармат"""
"2;""Сархан"""
"2;""Саске"""
"2;""Сасори"""
"2;""Сафар"""
"2;""Саха"""
"2;""Сахиб"""
"2;""Сахил"""
"2;""Саша"""
"2;""Сашенька"""
"2;""Сашик"""
"2;""Сашка"""
"2;""Сашко"""
"2;""Сашок"""
"2;""Сашуля"""
"2;""Саян"""
"2;""Саят"""
"2;""Светозар"""
"2;""Светослав"""
"2;""Свят"""
"2;""Святик"""
"2;""Святогор"""
"2;""Святой"""
"2;""Святослав"""
"2;""Себастьян"""
"2;""Себй"""
"2;""Сева"""
"2;""Севак"""
"2;""Севастьян"""
"2;""Сега"""
"2;""Сеймур"""
"2;""Сейран"""
"2;""Селим"""
"2;""Сем"""
"2;""Сема"""
"2;""Сёма"""
"2;""Семен"""
"2;""Семён"""
"2;""Семка"""
"2;""Сёмка"""
"2;""Семья"""
"2;""Сенька"""
"2;""Сеня"""
"2;""Сер"""
"2;""Сера"""
"2;""Серафим"""
"2;""Сервер"""
"2;""Сергiй"""
"2;""Сергеи"""
"2;""Сергей"""
"2;""Сергий"""
"2;""Сергій"""
"2;""Серго"""
"2;""Сергуня"""
"2;""Сердар"""
"2;""Серджио"""
"2;""Серега"""
"2;""Серёга"""
"2;""Сережа"""
"2;""Серёжа"""
"2;""Серёженька"""
"2;""Серёжик"""
"2;""Сережка"""
"2;""Серёжка"""
"2;""Серёнька"""
"2;""Сереня"""
"2;""Серёня"""
"2;""Серж"""
"2;""Сержан"""
"2;""Сержик"""
"2;""Сержио"""
"2;""Сержо"""
"2;""Серий"""
"2;""Серик"""
"2;""Серхио"""
"2;""Серый"""
"2;""Серьога"""
"2;""Сєрий"""
"2;""Сидор"""
"2;""Сильвер"""
"2;""Сильвестр"""
"2;""Сима"""
"2;""Симон"""
"2;""Сирин"""
"2;""Сирожа"""
"2;""Сірожа"""
"2;""Сірьога"""
"2;""Сірьожа"""
"2;""Скай"""
"2;""Слава"""
"2;""Славентий"""
"2;""Славик"""
"2;""Славік"""
"2;""Славка"""
"2;""Славко"""
"2;""Славок"""
"2;""Славон"""
"2;""Славчик"""
"2;""Славян"""
"2;""Сладкий"""
"2;""Слышь"""
"2;""Смбат"""
"2;""Сократ"""
"2;""Солбон"""
"2;""Соломон"""
"2;""Солтан"""
"2;""Сос"""
"2;""Сослан"""
"2;""Союз"""
"2;""Спартак"""
"2;""Спиридон"""
"2;""Станислав"""
"2;""Станіслав"""
"2;""Стас"""
"2;""Стасик"""
"2;""Стасон"""
"2;""Стасян"""
"2;""Степа"""
"2;""Стёпа"""
"2;""Степан"""
"2;""Степка"""
"2;""Стёпка"""
"2;""Стефан"""
"2;""Стив"""
"2;""Стивен"""
"2;""Стьопа"""
"2;""Стьюи"""
"2;""Сулейман"""
"2;""Султан"""
"2;""Сунгат"""
"2;""Сурен"""
"2;""Сурик"""
"2;""Сухраб"""
"2;""Сухроб"""
"2;""Сылдыс"""
"2;""Сын"""
"2;""Сырым"""
"2;""Сэм"""
"2;""Сява"""
"2;""Табриз"""
"2;""Тагир"""
"2;""Тазы"""
"2;""Тайлер"""
"2;""Таймураз"""
"2;""Таир"""
"2;""Талант"""
"2;""Талгат"""
"2;""Талех"""
"2;""Талян"""
"2;""Тамаз"""
"2;""Тамерлан"""
"2;""Тамик"""
"2;""Тамир"""
"2;""Тамирлан"""
"2;""Танат"""
"2;""Тарас"""
"2;""Тарик"""
"2;""Тарлан"""
"2;""Тарон"""
"2;""Татарин"""
"2;""Тахир"""
"2;""Теймур"""
"2;""Тельман"""
"2;""Тема"""
"2;""Тёма"""
"2;""Темик"""
"2;""Тёмик"""
"2;""Темир"""
"2;""Темирлан"""
"2;""Темирхан"""
"2;""Темка"""
"2;""Тёмка"""
"2;""Темный"""
"2;""Тёмный"""
"2;""Тёмочка"""
"2;""Темур"""
"2;""Тёмчик"""
"2;""Темыч"""
"2;""Тёмыч"""
"2;""Тенгиз"""
"2;""Теодор"""
"2;""Терентий"""
"2;""Территория"""
"2;""Тигр"""
"2;""Тигран"""
"2;""Тим"""
"2;""Тима"""
"2;""Тимати"""
"2;""Тимафей"""
"2;""Тимерлан"""
"2;""Тимка"""
"2;""Тимон"""
"2;""Тимофей"""
"2;""Тимоха"""
"2;""Тимоша"""
"2;""Тимошка"""
"2;""Тимур"""
"2;""Тимурик"""
"2;""Тимурка"""
"2;""Тихон"""
"2;""Тоби"""
"2;""Тогрул"""
"2;""Толеген"""
"2;""Толик"""
"2;""Толік"""
"2;""Толя"""
"2;""Толян"""
"2;""Толянчик"""
"2;""Толясик"""
"2;""Том"""
"2;""Томас"""
"2;""Томаш"""
"2;""Томми"""
"2;""Тони"""
"2;""Тофик"""
"2;""Тоха"""
"2;""Тоша"""
"2;""Тошик"""
"2;""Тошка"""
"2;""Трофим"""
"2;""Тумэн"""
"2;""Турал"""
"2;""Туран"""
"2;""Турар"""
"2;""Турик"""
"2;""Турпал"""
"2;""Тьома"""
"2;""Улан"""
"2;""Уллубий"""
"2;""Улугбек"""
"2;""Ульви"""
"2;""Ульфат"""
"2;""Ульяна"""
"2;""Умар"""
"2;""Умед"""
"2;""Умид"""
"2;""Урал"""
"2;""Усеин"""
"2;""Усман"""
"2;""Устин"""
"2;""Учиха"""
"2;""Фагим"""
"2;""Фадис"""
"2;""Фазиль"""
"2;""Фазыл"""
"2;""Фаиг"""
"2;""Фаиз"""
"2;""Фаик"""
"2;""Фаил"""
"2;""Фаиль"""
"2;""Фанзиль"""
"2;""Фанил"""
"2;""Фаниль"""
"2;""Фанис"""
"2;""Фаннур"""
"2;""Фануз"""
"2;""Фанур"""
"2;""Фара"""
"2;""Фаргат"""
"2;""Фарид"""
"2;""Фаридун"""
"2;""Фариз"""
"2;""Фарик"""
"2;""Фарис"""
"2;""Фарит"""
"2;""Фарман"""
"2;""Фаррух"""
"2;""Фарух"""
"2;""Фархад"""
"2;""Фархат"""
"2;""Фарход"""
"2;""Фахри"""
"2;""Фахриддин"""
"2;""Фаяз"""
"2;""Федір"""
"2;""Федор"""
"2;""Фёдор"""
"2;""Федот"""
"2;""Федька"""
"2;""Федя"""
"2;""Фейк"""
"2;""Феликс"""
"2;""Феникс"""
"2;""Феофан"""
"2;""Фердинанд"""
"2;""Фернандо"""
"2;""Фидаиль"""
"2;""Фидан"""
"2;""Фидарис"""
"2;""Фидель"""
"2;""Фидус"""
"2;""Фил"""
"2;""Филимон"""
"2;""Филип"""
"2;""Филипп"""
"2;""Филюз"""
"2;""Филюс"""
"2;""Филя"""
"2;""Фима"""
"2;""Финат"""
"2;""Фиргат"""
"2;""Фирдавс"""
"2;""Фирдус"""
"2;""Фирзар"""
"2;""Фируз"""
"2;""Фларид"""
"2;""Фларис"""
"2;""Фларит"""
"2;""Флорид"""
"2;""Флорис"""
"2;""Флорит"""
"2;""Флюр"""
"2;""Фома"""
"2;""Франц"""
"2;""Фред"""
"2;""Фредди"""
"2;""Фридрих"""
"2;""Фрол"""
"2;""Фрэнк"""
"2;""Фуад"""
"2;""Фуат"""
"2;""Фуркат"""
"2;""Хабиб"""
"2;""Хаджимурад"""
"2;""Хайдар"""
"2;""Хакер"""
"2;""Хаким"""
"2;""Халид"""
"2;""Халил"""
"2;""Халиль"""
"2;""Халим"""
"2;""Халит"""
"2;""Хамза"""
"2;""Хамзат"""
"2;""Хамид"""
"2;""Хамит"""
"2;""Хан"""
"2;""Харис"""
"2;""Харитон"""
"2;""Хасан"""
"2;""Хафиз"""
"2;""Хачатур"""
"2;""Хачик"""
"2;""Хаял"""
"2;""Херел"""
"2;""Хетаг"""
"2;""Хизри"""
"2;""Христофор"""
"2;""Хуан"""
"2;""Хулиган"""
"2;""Хуршед"""
"2;""Хуршид"""
"2;""Хусан"""
"2;""Хусейн"""
"2;""Хушбахт"""
"2;""Цезарь"""
"2;""Церен"""
"2;""Цырен"""
"2;""Чак"""
"2;""Чарли"""
"2;""Чаян"""
"2;""Чермен"""
"2;""Чимит"""
"2;""Чингиз"""
"2;""Чингис"""
"2;""Член"""
"2;""Шавкат"""
"2;""Шакир"""
"2;""Шама"""
"2;""Шаман"""
"2;""Шамил"""
"2;""Шамиль"""
"2;""Шамхал"""
"2;""Шариф"""
"2;""Шафкат"""
"2;""Шах"""
"2;""Шахбан"""
"2;""Шахбоз"""
"2;""Шахзод"""
"2;""Шахин"""
"2;""Шахрияр"""
"2;""Шахрух"""
"2;""Шевкет"""
"2;""Шер"""
"2;""Шерали"""
"2;""Шерзод"""
"2;""Шероз"""
"2;""Шерхан"""
"2;""Шолбан"""
"2;""Шома"""
"2;""Шон"""
"2;""Шораан"""
"2;""Шота"""
"2;""Шохрат"""
"2;""Шохрух"""
"2;""Шура"""
"2;""Шурик"""
"2;""Шухрат"""
"2;""Шынгыс"""
"2;""Эд"""
"2;""Эдвард"""
"2;""Эдвин"""
"2;""Эдгар"""
"2;""Эдгард"""
"2;""Эдди"""
"2;""Эдем"""
"2;""Эдик"""
"2;""Эдмон"""
"2;""Эдмонд"""
"2;""Эдо"""
"2;""Эдуард"""
"2;""Эдуардо"""
"2;""Эдька"""
"2;""Эдя"""
"2;""Эзиз"""
"2;""Эйнар"""
"2;""Эл"""
"2;""Элвин"""
"2;""Элвис"""
"2;""Элик"""
"2;""Элина"""
"2;""Элнур"""
"2;""Элхан"""
"2;""Эль"""
"2;""Эльбрус"""
"2;""Эльвин"""
"2;""Эльвир"""
"2;""Эльвира"""
"2;""Эльдар"""
"2;""Эльман"""
"2;""Эльмар"""
"2;""Эльмин"""
"2;""Эльмир"""
"2;""Эльнар"""
"2;""Эльнур"""
"2;""Эльхан"""
"2;""Эльчин"""
"2;""Эльшад"""
"2;""Эльшан"""
"2;""Эля"""
"2;""Эмил"""
"2;""Эмиль"""
"2;""Эмин"""
"2;""Эмир"""
"2;""Эммануил"""
"2;""Энвер"""
"2;""Энди"""
"2;""Эндрю"""
"2;""Энтони"""
"2;""Эрвин"""
"2;""Эрдни"""
"2;""Эрдня"""
"2;""Эрдэм"""
"2;""Эрдэни"""
"2;""Эрес"""
"2;""Эрик"""
"2;""Эркин"""
"2;""Эрлан"""
"2;""Эрнест"""
"2;""Эрнесто"""
"2;""Эрнст"""
"2;""Эртине"""
"2;""Эскендер"""
"2;""Эцио"""
"2;""Юджин"""
"2;""Юлай"""
"2;""Юлдаш"""
"2;""Юлиан"""
"2;""Юлий"""
"2;""Юлик"""
"2;""Юліан"""
"2;""Юля"""
"2;""Юнир"""
"2;""Юнис"""
"2;""Юнус"""
"2;""Юра"""
"2;""Юран"""
"2;""Юрец"""
"2;""Юрий"""
"2;""Юрик"""
"2;""Юрис"""
"2;""Юрист"""
"2;""Юрій"""
"2;""Юрік"""
"2;""Юрка"""
"2;""Юрко"""
"2;""Юрок"""
"2;""Юрчик"""
"2;""Юсиф"""
"2;""Юсуп"""
"2;""Юсуф"""
"2;""Яков"""
"2;""Якуб"""
"2;""Ямиль"""
"2;""Ян"""
"2;""Яник"""
"2;""Янис"""
"2;""Януш"""
"2;""Янчик"""
"2;""Яр"""
"2;""Ярик"""
"2;""Ярік"""
"2;""Яромир"""
"2;""Ярослав"""
"2;""Ясин"""
"2;""Яха"""
"2;""Яша"""
"2;""Яшар"""
"2;""Яшка"""
